id,age,name,last_name,sex,married,income,childrens,weight,height
1,30,David,Davis,Female,No,30613.425749686266,1.0,39.80075220690525,164.4815514713927
2,78,Deanna,Cook,Female,No,41136.27049617674,,78.11470648189987,139.31523720546068
3,19,Amy,Alexander,Male,No,21587.375005922087,8.0,50.30965855038918,172.31855288327927
4,72,Maria,Strickland,Female,Yes,52307.73369955896,2.0,78.33429050926772,155.5091794278655
5,38,Briana,Bowen,Male,Yes,23708.61063263948,0.0,63.98972985485413,183.41194149599207
6,53,Michael,Davis,Male,No,34775.83163766213,3.0,43.886513651920524,168.95326754043057
7,31,Charles,Jones,Male,Yes,23117.996291696116,1.0,93.5700098155638,183.63288273581762
8,41,Kelsey,Cross,Male,No,51357.64501687614,2.0,94.2932721767295,180.8846260522992
9,40,James,Harris,Female,Yes,41403.25476827726,0.0,69.23732520975646,162.24838266099732
10,56,Joe,Quinn,Male,No,40808.299317298195,2.0,83.52530109493252,157.94774861037052
11,68,Andrew,Gibson,Male,No,55744.09907193424,4.0,83.02813948075699,140.43882423275966
12,76,John,Peck,Female,No,32177.503935156536,0.0,48.580345984116406,161.40368548815533
13,78,Jeremy,Mcintosh,Female,Yes,33933.384328381624,1.0,82.58725531963982,171.99841157519586
14,65,Susan,Nichols,Female,No,44293.23978314051,2.0,47.748220762249375,174.611327729837
15,51,Tracey,Mayer,Male,Yes,-49719.7146186242,2.0,91.73015308605318,156.61668101953344
16,18,Vanessa,Jones,Male,No,45521.551301742635,0.0,83.749898674667,174.6220637116976
17,47,Angela,Cortez,Female,Yes,39023.2408071813,2.0,38.916283263999446,172.24840354066518
18,70,Zachary,Holland,Female,No,40434.39357158887,1.0,56.39956360841455,157.43277233776968
19,31,Michelle,Beck,Male,Yes,12777.423706792288,2.0,95.84755680922169,165.00208386696923
20,29,Allison,Fisher,Female,No,33372.98636004114,1.0,59.440165372220264,173.19040793713833
21,21,Juan,Hubbard,Female,Yes,25677.3024457965,2.0,136.132714650911,171.0710118191698
22,27,Peggy,Griffith,Female,Yes,,0.0,53.24819762181775,156.7688440918156
23,72,Kevin,Powell,Male,Yes,47087.57832701994,2.0,80.15720727941155,186.5633334142296
24,65,Brittany,Clarke,Female,No,47580.47307306649,4.0,69.48561744210778,150.93009422206268
25,78,Kimberly,Herrera,Male,No,41578.39238013856,4.0,78.71008926592675,175.76072889750253
26,28,David,Mcknight,Female,Yes,26470.85268159747,1.0,93.03791910947162,166.29165982460512
27,63,Michael,Anderson,Male,No,56539.96469362391,3.0,103.92941711566037,173.61441812572292
28,30,Morgan,Davis,Female,No,52851.468441890785,1.0,61.543286877118064,164.63217761403922
29,58,Gregory,Taylor,Female,Yes,53759.444595476845,2.0,42.97906845727932,163.52654636303924
30,29,John,Lee,Male,No,27612.652761192083,2.0,92.04037328407982,187.17273152918222
31,18,Jeremy,Richardson,Male,No,25731.940141536463,0.0,80.29319247373266,173.14453706170747
32,19,Lisa,Davis,Male,No,,0.0,87.96413080090795,178.27580997465566
33,56,Christian,Morrison,Male,Yes,59824.71844373989,4.0,88.43675350094784,176.28371177172227
34,51,Eric,Morris,Female,Yes,55692.79786784855,3.0,64.83131178734718,173.33734917124733
35,61,Rodney,Lee,Male,Yes,33719.42648466586,1.0,17.523132246160415,173.11026892292605
36,65,Jose,White,Male,Yes,47633.44147177898,2.0,70.41602706616884,164.7780941369196
37,67,Paul,Silva,Female,Yes,60100.27330706462,1.0,22.50327065634609,158.76018558971563
38,21,Michelle,Wagner,Female,Yes,28883.81481981713,1.0,65.68164222515611,155.39144886566152
39,71,Emily,Wade,Female,Yes,53105.00827216198,2.0,47.69185353641097,164.68991415957046
40,31,Eric,Bennett,Male,No,41111.66327429337,9.0,113.929313775931,181.06101745367684
41,38,Zachary,Rogers,Female,Yes,28514.27577467786,2.0,79.2638477693176,176.94868906690363
42,69,Tonya,Richardson,Male,No,38726.80993244281,1.0,100.12476777302618,149.76194677254176
43,27,Ryan,Marquez,Male,Yes,26884.417364901186,0.0,47.893006376454736,181.18601281767735
44,23,Robert,Roman,Male,No,35882.8230778094,3.0,69.36694527522596,184.2495196845225
45,22,Emily,Wilson,Male,Yes,40393.75059329029,1.0,81.29866266338291,168.24912070525633
46,43,Angela,Castillo,Male,No,34649.6579929941,7.0,87.78023335806539,176.00238127615415
47,43,Benjamin,Morales,Male,No,44857.359170934375,,95.0619757446457,176.27694754248043
48,56,Joshua,Hayes,Female,Yes,30581.595875641124,1.0,81.96852890454039,149.68384196667546
49,57,Brad,Allen,Male,No,49872.105043732314,1.0,76.54700363321194,178.0526142993807
50,31,Juan,Harris,Female,No,36235.064550331066,1.0,70.61666504045046,174.78255537665217
51,60,Brian,Perez,Female,Yes,26321.977090830915,2.0,36.742786628158065,174.40395537275708
52,79,Cody,Thompson,Female,No,41739.0556565083,4.0,86.48247565195628,154.05879670507545
53,37,Mario,West,Male,No,37768.755724309,4.0,89.87985658981597,185.31060551143463
54,32,Patricia,Wells,Male,Yes,41572.91251421624,1.0,128.06854511215812,159.5762851922518
55,63,Juan,Jacobs,Female,Yes,34163.82485640851,5.0,85.47760380730693,152.5547809463079
56,80,Sarah,Mcintyre,Male,No,36371.47285368616,10.0,88.54644864396037,179.02405287464953
57,77,Robert,Smith,Female,No,50088.1747357763,4.0,75.04205709927726,160.57815062107437
58,74,Barbara,Garrett,Male,No,30639.83776560411,,72.95959963528966,191.67213596627008
59,79,Joshua,Harmon,Male,Yes,28040.3727084879,3.0,86.01451701203938,160.65511923338278
60,49,Marissa,Taylor,Male,Yes,45206.08994254576,0.0,86.25310215500619,164.93093589939087
61,73,Jennifer,Boyd,Female,No,46337.40088129128,3.0,56.07513201775646,157.84752277599887
62,79,Pamela,Richardson,Female,No,55320.03767494064,,48.08362127800878,162.70554500629822
63,56,Laura,Brown,Male,No,35262.65830420113,6.0,104.44678355456676,190.2000021939997
64,24,Rachel,Cook,Male,Yes,21423.254923262837,0.0,84.7513655064216,181.62647170917094
65,76,Ashley,Burns,Male,Yes,35322.865560070735,2.0,71.97528134143762,183.886512297186
66,79,Jason,Wu,Male,Yes,40323.44261376131,5.0,,157.0589264690411
67,38,Emily,Hill,Female,No,32779.96191080329,1.0,86.3583248821455,164.77869196959486
68,52,Stacy,Winters,Female,No,30413.840420535787,1.0,70.22861414685576,161.93656225938525
69,27,Ronald,Jimenez,Male,Yes,34228.321951128266,1.0,115.99137384981843,171.59097931160687
70,34,Jesse,Bishop,Male,Yes,47697.92690513333,3.0,96.13158314386703,180.59794130166424
71,45,Michael,Ramirez,Male,No,40191.44612966514,0.0,65.63669607413004,162.24306561718305
72,64,Kenneth,Walker,Male,No,39495.51647952911,3.0,85.95447815508331,176.85012375401246
73,28,Gregory,Morrison,Male,Yes,28952.001031346692,2.0,97.54691801526562,176.80187753388861
74,58,Lisa,Jenkins,Male,No,49243.13275322771,0.0,25.41433879581868,167.8096993850098
75,70,Richard,Trevino,Female,No,47736.80200893659,,57.18248161276312,140.32402397652163
76,49,Kenneth,Lee,Female,No,48982.428667584754,0.0,58.920874288338865,165.25410687081467
77,40,Brian,Cobb,Male,No,27521.097694189455,1.0,82.15723007919728,180.29024683358386
78,76,Ann,Walker,Female,No,37749.367098193514,2.0,79.94659748154938,166.23209483248036
79,75,Deanna,Perez,Female,Yes,38348.56951043433,1.0,65.98863085419022,152.48650902629714
80,56,Stephen,Bennett,Male,Yes,38333.773993021576,2.0,71.7804158818493,155.48909359251192
81,26,Abigail,Henderson,Female,No,10010.982106079773,4.0,55.03895342426848,155.01176630601287
82,53,Cheryl,Stewart,Male,No,33461.047821349246,2.0,84.67490500802177,166.89603527816845
83,47,Ronald,Bautista,Male,No,46829.0540497754,2.0,96.57646601902913,174.8679484786225
84,51,Matthew,Wilson,Female,Yes,25254.59362139039,0.0,66.39222281181094,154.14006195510328
85,78,Olivia,Lawrence,Female,Yes,42710.13054200039,5.0,,
86,34,Nichole,Hughes,Female,Yes,36619.139056747976,4.0,16.39752121290074,182.8839252727406
87,27,Shannon,Bruce,Female,Yes,40128.76212314045,1.0,68.83893035017401,160.19595356564182
88,19,Kimberly,Simmons,Male,No,30663.632292296046,0.0,79.93346595455178,164.56259122058566
89,52,Nicholas,Dickson,Male,Yes,53083.52811331021,2.0,99.41152210482353,202.4837425328428
90,47,Walter,Reyes,Female,Yes,-38555.83316504651,0.0,65.27465177994458,165.9212750679556
91,55,David,Cummings,Male,Yes,54718.34061717435,3.0,66.13133574027185,160.63216677224935
92,76,Lisa,Watkins,Female,No,43972.46212098424,5.0,53.74967390548049,140.55813668622713
93,27,Charles,Riley,Female,No,22712.02912643121,1.0,58.60672450170106,156.913014360576
94,19,Morgan,Williams,Female,No,19103.712003788067,6.0,82.69780189061613,158.63080492036232
95,41,Peter,Richards,Female,No,49153.47089128177,3.0,57.67879812018864,138.24291493176986
96,58,Leslie,Mann,Male,Yes,43855.63136950396,0.0,31.590468022158035,181.31795869289442
97,37,Joe,Horton,Male,No,32201.31555907746,2.0,77.99177029615024,177.3298877440945
98,49,Jacob,Alvarado,Male,Yes,46970.2920244792,0.0,82.20106488810156,186.99097716907073
99,45,Dawn,Thomas,Male,No,29770.3693465753,4.0,75.63747595350254,179.69755349213798
100,75,Nancy,Evans,Male,Yes,51658.919882943585,4.0,92.8538271798193,
101,43,Patricia,Brown,Female,Yes,48459.00271133524,2.0,50.20292506292917,140.36165002241663
102,26,Wayne,Hart,Male,No,30970.816950277567,1.0,95.23333801591875,195.8635399501742
103,50,Kenneth,Phillips,Male,No,28509.24913751988,1.0,81.28121167829273,174.7812849838754
104,74,Kevin,Rush,Male,Yes,40576.36295738913,3.0,93.12395392537329,179.0689552161542
105,71,Christina,Howard,Male,No,45326.837962480415,3.0,69.04063517145985,165.8855058542436
106,68,Kyle,Bell,Female,No,57270.83921806213,1.0,78.2010727632431,139.92132693568195
107,52,Michelle,Taylor,Female,No,29567.538816112967,2.0,74.95503233703232,155.34178575022048
108,75,Gregory,Sanchez,Female,Yes,71972.15461407398,2.0,46.655420829141875,173.541662376698
109,59,Elijah,Brown,Female,No,35193.55527458099,10.0,42.719321925301514,159.81077002525114
110,74,Justin,Montoya,Male,Yes,36463.049038054036,7.0,86.97091504507763,188.37555593204507
111,71,Roger,Bryant,Male,No,43960.48944148849,2.0,55.701537563308996,197.5309381894926
112,29,Lisa,Nguyen,Male,Yes,24096.973965103578,2.0,,161.42098117203906
113,48,Jeffrey,Rangel,Male,Yes,30322.213982491176,0.0,90.33057350612424,167.9400927921061
114,77,Dakota,Powell,Male,No,43058.58483340052,4.0,99.78064535932128,180.04732609043467
115,70,Erin,Cooper,Male,No,54770.21094601995,3.0,84.09667111433185,194.11080875290946
116,66,Donna,Cook,Male,No,45051.305775853514,1.0,59.42584325484478,162.98677534873266
117,70,John,Davis,Female,Yes,54710.24046914557,7.0,25.257152541388933,156.61166388906932
118,69,Brandon,Charles,Female,Yes,42350.41420828156,3.0,67.42361264247283,143.32186182963497
119,30,Marc,Jimenez,Male,No,26681.11462462275,2.0,68.25115757784907,174.98164504294434
120,78,Michele,Davis,Female,No,45802.510716717225,3.0,81.6666646272088,143.56562160432068
121,64,Amber,Oliver,Male,No,40886.76005339326,2.0,82.20148303185982,173.66771213264775
122,19,Marcus,Smith,Male,Yes,31034.01224756441,0.0,97.12208453271336,172.68925674515776
123,35,Bryce,Allen,Male,Yes,23392.6018609645,4.0,74.99323076285071,176.10492739467554
124,76,Janice,Copeland,Male,No,50358.467430228324,1.0,89.3409012566751,158.11725243599975
125,66,Kevin,Beck,Male,Yes,46020.32383525411,1.0,81.85009688788723,179.8216968418416
126,20,Jesse,Jennings,Male,No,-33352.42059328722,0.0,82.52630649166828,184.0835713210076
127,33,Zachary,Baker,Male,Yes,40569.49657567475,1.0,74.86628714255819,159.68019770228335
128,49,Christopher,Johnson,Male,Yes,22426.977437133086,4.0,59.85527087436904,165.99793018500299
129,47,Donald,Hendrix,Male,Yes,41338.36229011805,2.0,71.20257808693937,170.15981655005513
130,44,Patrick,Carter,Female,No,25956.695576787264,9.0,68.83965797921414,149.49427372247064
131,47,Oscar,Henry,Female,No,32054.54136911454,3.0,62.705572122423185,163.34640504832606
132,43,Candice,Collier,Male,No,51146.00116294467,3.0,84.10204597902705,170.11392870008714
133,33,Annette,Dawson,Female,Yes,41104.06082679669,0.0,67.50492144133072,156.94075813441322
134,69,Alan,Gregory,Female,Yes,42334.80942186932,4.0,84.60085536439064,166.6615857018638
135,23,Jon,Hickman,Male,Yes,26471.379798515612,3.0,78.01050927834257,174.3161957576102
136,65,Kayla,Martinez,Male,No,44859.5587914325,2.0,84.55184776501996,178.74429530152113
137,45,Kelli,Cooper,Male,Yes,16729.240729837416,1.0,71.88499697152946,172.06599043233993
138,56,Anna,Mckee,Male,No,29494.737292575563,3.0,42.51674004594948,173.6799029648807
139,59,Victoria,Carroll,Male,Yes,37753.69043895518,3.0,94.31080887650738,184.37650433458455
140,27,Pamela,Salazar,Female,Yes,15483.43481113902,1.0,85.00891674953988,169.1503370075068
141,80,Heather,Taylor,Male,No,41964.869249364485,4.0,74.48887762129385,157.30048673077528
142,70,Laura,Smith,Female,No,47612.17319154642,0.0,57.72894367186216,157.78891127028854
143,66,Nicholas,Turner,Male,No,42143.680232931525,2.0,53.93272693134696,174.64072752090613
144,78,Marissa,Reid,Female,Yes,49492.979382123835,8.0,52.73840164909052,154.0832073722338
145,55,Jacqueline,Hernandez,Female,No,39156.41720361569,1.0,93.25837194709163,166.71894975501857
146,61,Michelle,Mathis,Male,Yes,47485.28205325103,2.0,66.48480317279302,172.24674912411024
147,19,William,Singh,Female,Yes,33539.71520599929,0.0,44.874924017525984,154.79716631370928
148,58,Todd,Brooks,Female,Yes,40413.83265073408,3.0,77.73545021267334,
149,36,Anita,Wall,Female,Yes,-42709.02041361525,3.0,92.19009922983301,159.36599371166454
150,59,Kevin,Hill,Female,No,52128.3232802088,1.0,48.099176465989956,151.19553478456564
151,58,Shelby,Weeks,Female,No,,2.0,84.91515717854675,149.73282658557298
152,59,Jeremy,Ruiz,Female,Yes,46219.139468737296,0.0,54.20648044938184,169.49170743864596
153,36,Helen,Pham,Female,No,33596.63276614908,1.0,120.5848276960579,165.60332709442253
154,35,Victoria,Ware,Male,Yes,,2.0,88.11734865175987,173.4082882046805
155,62,Timothy,Key,Female,No,32647.049506408806,3.0,72.13119859917505,143.34030022268377
156,30,Krista,Arnold,Female,No,46383.07550306388,5.0,68.7816269115281,149.11414261994966
157,26,Ricardo,Bailey,Female,Yes,31395.165289560082,1.0,83.7522390470245,174.14084598845446
158,70,Maria,Jennings,Female,Yes,47381.178419240554,3.0,78.62835612270374,148.0266019930418
159,31,Joseph,Patton,Female,No,37927.246551333556,0.0,58.73010590658552,152.77615424972913
160,40,Jorge,Parsons,Female,Yes,41532.093048496565,2.0,50.03317761264083,174.00448036376534
161,76,Molly,Hopkins,Male,Yes,34325.38390546916,4.0,102.40415894039408,165.81580029770515
162,64,Danielle,Hoover,Male,Yes,57435.34303589232,4.0,53.6153475911682,151.33886680710953
163,48,Crystal,Gray,Female,No,30453.093724676997,1.0,85.16734914885102,159.3284789191938
164,63,Laura,Tucker,Male,Yes,47977.069400586995,1.0,66.34374708773228,176.8457168014681
165,54,Beth,Perez,Female,Yes,50012.95448814874,2.0,65.75884213324636,160.8058644557906
166,53,Kaylee,Frederick,Female,Yes,37904.02652540592,0.0,93.40677468108952,153.94335693515563
167,36,Danielle,Bonilla,Male,No,16173.393658741312,4.0,77.00303668936736,181.48816788009583
168,54,Shannon,Gates,Male,Yes,17426.117928615502,5.0,46.534874111722935,181.48174902769568
169,37,Erica,Miranda,Female,Yes,52622.44161298397,3.0,62.495301607601114,161.78367104092916
170,32,Stacey,Garrett,Male,No,43865.602513856385,1.0,113.80572100208062,174.0044867304346
171,59,Derrick,Jacobs,Male,Yes,31891.543011096648,0.0,109.29431602185001,182.2895411001812
172,62,William,Deleon,Female,Yes,55502.88405413232,2.0,88.5256264798191,166.45653242419434
173,53,Sharon,Cunningham,Female,No,30895.540765647573,0.0,37.13675172095502,164.493729583836
174,53,Patrick,Williams,Male,Yes,40365.971500188156,1.0,66.5545348542076,177.2026332592012
175,47,Tiffany,Torres,Male,Yes,40540.19251048529,1.0,92.11645434036201,170.27348081445155
176,73,Christopher,Perez,Female,No,23518.47944716599,0.0,58.866074397985926,174.684576076796
177,75,Faith,Wilson,Female,Yes,59406.210271234435,3.0,72.16404555299022,154.02581259122294
178,37,Nicole,Miranda,Female,Yes,39270.203334747435,1.0,60.22391796399379,166.0256423305924
179,47,Daniel,Jacobson,Female,No,35268.114844885815,0.0,71.58151448081934,158.9245003758709
180,27,Michael,Walker,Female,No,33695.26775941446,8.0,68.6804896441647,154.6157073664572
181,22,Lisa,Martinez,Male,Yes,40238.24358825046,2.0,57.20510340627952,171.6990083788963
182,28,Julie,Walsh,Male,No,42812.779726040215,2.0,93.51363440370592,181.44100282618132
183,20,Matthew,Rivas,Male,No,31078.069059468562,0.0,85.13421241811031,187.24570671952515
184,44,Alfred,Anderson,Male,Yes,43085.61238348871,0.0,84.57105367220917,172.1767928677468
185,26,Steven,Saunders,Female,Yes,61593.46281558525,0.0,82.87048400765622,166.36835224788692
186,49,Mariah,Paul,Male,Yes,51161.430871297795,,110.66663756322635,182.9159185170743
187,30,Jacqueline,Foster,Female,No,47766.56666746547,2.0,93.95322332918846,171.90255888153075
188,74,Shawn,Le,Male,Yes,37723.5052420351,1.0,81.6904454072787,185.93569208253953
189,46,Karla,Wood,Female,No,30410.95018778248,3.0,46.05233340899485,157.76019032348435
190,34,Sandra,Garcia,Female,Yes,29679.896747420196,1.0,65.02293250261644,154.38002488186652
191,48,Jeanette,Miller,Male,No,37116.18457741001,0.0,70.63245555411643,
192,44,Tracey,Brown,Female,Yes,26707.843639607556,3.0,29.954797141845233,160.28114640619322
193,50,Sarah,Padilla,Male,Yes,19256.85123644429,1.0,86.52762176435897,174.58019779978414
194,28,Tabitha,Davis,Male,Yes,25885.600539813197,0.0,70.81694023705812,172.52386354733886
195,31,Jennifer,Collins,Male,No,34409.70990706177,1.0,7.995600558709526,166.64279829747028
196,46,Jasmine,Thomas,Female,Yes,33394.03463483703,2.0,47.66466007491847,168.26619530131336
197,42,James,Spencer,Female,Yes,50392.24574688383,0.0,101.3290247275966,137.77184122883935
198,42,Christine,Smith,Male,Yes,50929.10452631094,0.0,61.54292186151756,176.19368240471024
199,77,Stephanie,Travis,Male,No,42401.3520994266,,74.36963070955719,176.18453932061098
200,56,Michael,Gomez,Male,No,39612.92775204965,1.0,78.02848700572471,182.74123831599007
201,40,Andrew,Thomas,Female,Yes,19392.327857800825,2.0,78.75823156501578,155.2507178909021
202,39,Erin,Williams,Female,Yes,35498.36329423857,2.0,90.2802718775452,160.31276093469418
203,19,Spencer,Roberts,Male,Yes,45185.08705448387,0.0,120.42586163703261,184.62475927374095
204,29,Thomas,Smith,Female,No,36860.27926424877,,51.8302353968111,143.3252466335779
205,39,Lauren,Madden,Female,Yes,22411.791181609668,2.0,79.73724555298674,156.9854529684666
206,80,Joseph,Brewer,Male,No,46279.58777344642,2.0,76.95324086823678,183.51718968419905
207,63,Lawrence,Rodriguez,Female,No,37516.992657140865,4.0,60.65714688541626,164.64097711396937
208,45,Gregory,Norman,Male,No,20113.811565567867,8.0,84.9658678371496,165.29046114468278
209,63,Shawn,Woods,Male,No,17527.72688428129,3.0,79.37299278306133,176.66706279312896
210,38,Beverly,Lopez,Male,Yes,39829.66231410189,5.0,59.91792711554318,173.81945336918352
211,71,Sabrina,Durham,Male,No,23080.743929176133,2.0,12.063700252693451,173.95000979506477
212,20,Tracey,Bennett,Male,No,33153.57438110633,0.0,88.5465832373763,176.36942968979437
213,29,Erin,Rodgers,Male,No,43660.296757766686,10.0,,
214,78,Joshua,Ward,Male,Yes,40298.30788207748,3.0,53.553350010425845,181.3179148414158
215,59,Christopher,Reyes,Male,No,51929.50618627684,2.0,86.72031475292506,181.0192711901406
216,46,Alexander,Smith,Male,Yes,26332.242529521624,2.0,26.666102721772788,174.5880862519214
217,25,Michael,Dodson,Male,Yes,12658.080220341373,3.0,76.31595101659018,177.60744566820043
218,74,Tracy,Mccormick,Male,No,25402.327003451872,1.0,98.40858885655524,165.38798320933995
219,62,Linda,Washington,Male,No,28256.48582550468,0.0,72.72039155912988,183.39985483658234
220,71,Amy,Jones,Male,No,43292.27697843755,3.0,85.11783869054892,173.7090433991106
221,23,Oscar,Jones,Male,No,40107.83877909114,1.0,58.77244704705683,
222,75,Barbara,Burns,Female,Yes,-45387.409577602026,,62.965120816540676,150.7622629732403
223,25,Danny,Schaefer,Male,Yes,27077.213610656174,1.0,14.062237142479319,167.08460460931124
224,80,Danielle,Pham,Male,No,47320.552251489025,4.0,70.15078055092357,173.39223891896802
225,68,Linda,Young,Male,No,50677.68151474338,0.0,81.09437737469953,169.33707471366873
226,34,Traci,Waller,Female,Yes,29295.2251354509,2.0,73.1904899673371,149.6525496002596
227,63,Peggy,Arnold,Male,No,24989.11155952612,3.0,83.02637547595097,143.0077399393783
228,49,Laura,Espinoza,Male,No,38151.34335518705,3.0,68.621665533548,176.14777586182527
229,26,Randy,Ho,Male,Yes,17396.57666132727,1.0,79.44515870720264,182.12556300893758
230,18,Lynn,Thomas,Male,No,31704.311097922782,0.0,76.89629146439981,190.25722067109967
231,41,Hannah,Hughes,Male,Yes,38866.46835992734,1.0,95.08699275916932,162.71022482644906
232,72,Catherine,Webster,Male,No,26284.263407962488,5.0,140.11486609057062,191.04110890658728
233,19,John,Padilla,Male,No,40583.66054353067,0.0,64.87690214573966,195.37118242957465
234,27,William,Bryant,Male,Yes,43036.29423288804,1.0,80.53524937912958,170.88404665109545
235,40,Megan,Cook,Female,Yes,34408.6970043332,0.0,49.39485812420627,167.05831501204327
236,59,Adam,Johnson,Male,Yes,48938.63679423605,2.0,90.82353076834994,154.9583133277639
237,47,Matthew,Pierce,Female,No,48279.36543359457,1.0,35.76798014275329,165.01263472127954
238,62,Matthew,Mendoza,Male,No,28222.26079091494,9.0,59.335179166273406,
239,72,Samuel,Davis,Male,No,34243.75164381202,1.0,73.86012420309036,177.65792979219017
240,23,Robin,Pennington,Female,Yes,29100.80730008138,1.0,45.723921636680636,155.27060297587332
241,56,Richard,Johnson,Male,No,50243.33001726994,4.0,71.13680882560067,166.560164796584
242,34,Andrew,Walker,Male,Yes,42228.25287719001,9.0,81.6917190409383,173.77604584133405
243,45,Elizabeth,Garner,Male,No,25575.783450270377,2.0,72.34558731244593,187.54381854007252
244,53,Joshua,Barrett,Male,No,33187.02082819,3.0,76.51763292664832,183.72329801581913
245,69,Rebecca,Wagner,Male,Yes,32608.474824198376,2.0,,
246,64,Jonathan,Andersen,Female,No,38970.18241958011,1.0,88.46218244655304,161.13459774942356
247,60,Christopher,Sparks,Female,Yes,37317.29017758892,1.0,53.8931940427541,163.65922237746472
248,44,Jonathan,Carlson,Male,No,22988.2583546593,3.0,116.76194001959846,163.98056306732866
249,19,Wendy,Wagner,Female,No,23670.514931668702,0.0,39.190667639737605,165.36246344660947
250,31,Faith,Fields,Female,No,17596.395143010333,0.0,5.242687712628829,142.3068300441398
251,25,Elizabeth,Mccoy,Female,Yes,39537.08286873546,0.0,71.88549227264411,148.75451759892073
252,43,Cindy,Carpenter,Male,No,39429.27404095251,3.0,93.93745796879851,142.94151356423393
253,24,Frank,Osborne,Female,Yes,32080.821750778883,1.0,79.79341330922503,151.59147613161818
254,44,John,Gutierrez,Male,Yes,45279.66806397493,2.0,86.33191953250225,169.79779684040875
255,73,Daniel,Hines,Male,No,47441.71975528831,7.0,80.91518166030033,170.75989992390828
256,32,Lori,Hubbard,Female,No,30556.81322803386,1.0,63.84249398494689,142.484159002404
257,39,Wendy,Daugherty,Female,Yes,44534.52591473574,1.0,79.88644605331343,159.9373895576858
258,34,John,Shea,Male,No,25535.543260314524,10.0,62.60042773116723,175.65827612936977
259,78,Misty,Miller,Male,Yes,56102.91107591408,2.0,110.35551296197073,183.61532956368498
260,26,Joseph,Mitchell,Male,Yes,-31803.618760624835,1.0,59.73627625030542,168.33841117983107
261,58,Antonio,Espinoza,Male,Yes,31311.10306912769,1.0,80.29215111894375,182.5652775252143
262,69,Kaitlyn,Gill,Female,No,50476.63868846872,2.0,33.560508535125805,165.66568934401164
263,40,Ryan,Campbell,Male,No,54331.86103448176,,61.67166423303097,195.450867537172
264,71,Steven,Sanders,Male,Yes,38401.377067401336,3.0,41.05435356741365,185.65841938680177
265,46,Cassie,Wood,Male,No,40536.96407696267,6.0,71.51015024682785,159.71931176935047
266,65,Michael,Brown,Female,Yes,35037.00815472312,2.0,74.76108012364284,160.45984486157843
267,61,Richard,Hart,Male,No,55813.27484133571,3.0,70.74377524900576,171.58433510460688
268,71,Tyler,Jackson,Male,No,49217.35077580808,8.0,119.26036092085072,168.61619085504253
269,22,Scott,Caldwell,Male,Yes,38920.39326639184,0.0,96.15333582647538,173.17273126553303
270,67,Michael,Leach,Male,No,43128.053655555545,2.0,90.04126637869435,165.04462792690055
271,59,Alicia,Brooks,Female,No,,6.0,46.36348806194857,153.17425946639597
272,37,Charles,Marshall,Male,No,36265.40208877029,2.0,77.07803149515303,181.86685528709035
273,65,Monica,Cooley,Male,Yes,48147.35083099981,2.0,77.53644345276254,184.59109221937638
274,59,Steven,Jefferson,Female,Yes,35359.93968737523,3.0,77.67385387921811,166.07147129417868
275,47,Garrett,Lewis,Female,No,42785.46081272284,3.0,50.04205338997322,166.45971430435947
276,29,Daniel,Wilson,Female,No,22782.1708070314,1.0,67.21669935962493,158.69703779233183
277,54,Gabriel,Walton,Male,Yes,37267.69005279206,1.0,51.58152138836439,178.74997121755572
278,34,Paige,Velasquez,Female,Yes,26250.11087077604,2.0,57.287735603988196,151.86397613439144
279,70,Joe,Arnold,Male,Yes,33449.715530252084,2.0,70.52388745259573,179.83353572568302
280,55,Tammy,Thornton,Female,No,29563.887723251974,3.0,53.40936490939488,161.40385382182598
281,71,Mariah,Duncan,Male,Yes,-54250.37293159017,5.0,79.7700331045292,180.89091034276336
282,70,Amy,Shelton,Male,Yes,-42848.33362501832,10.0,71.83661108599307,186.4481553757135
283,28,Michael,Jordan,Male,Yes,25981.101262840817,1.0,78.5626327442454,165.05146222050533
284,53,David,Rubio,Male,Yes,44303.34174895195,3.0,89.60188619225994,170.0554320232564
285,45,Maria,Williams,Male,Yes,44384.22250265563,2.0,82.04141563587218,153.760387736576
286,37,Kimberly,Ross,Male,Yes,43817.81519880777,1.0,67.62661115562379,166.41166830365063
287,28,Leah,Newton,Male,No,41294.093570992336,2.0,100.2991825334175,167.22190859679256
288,77,Vanessa,Davis,Male,Yes,38023.03361002715,10.0,75.56035238280515,155.93165962080366
289,78,Robert,Harvey,Female,Yes,29811.495054195657,2.0,48.23658666346638,161.96931327180909
290,78,John,Carey,Male,No,51281.24401583594,,83.70435259951756,185.2387273195959
291,59,Mark,Ryan,Female,Yes,56357.612104594125,2.0,68.658538197006,155.19970074468165
292,58,Patrick,Reese,Male,No,48721.55793099941,4.0,78.19705573298249,
293,52,Carl,Hughes,Male,Yes,45151.18889087511,3.0,88.26732467429711,180.46358223286273
294,71,Leslie,White,Female,No,34799.285383107795,5.0,54.21326401169391,175.32626574236255
295,36,Kimberly,Walker,Female,Yes,30116.420349878183,9.0,73.39200192900567,156.6674045599168
296,35,Jessica,Walker,Female,Yes,36342.894366416054,2.0,61.093924842105466,161.76216317820086
297,23,Robin,Chen,Male,Yes,30945.904931339493,0.0,67.43955464928095,183.1933877518642
298,21,Jonathan,Lewis,Female,Yes,35608.47528589806,1.0,84.51587732939888,
299,43,Harold,Burgess,Female,No,26766.29772139876,2.0,88.75009870961469,180.54428167611866
300,49,Natalie,Walsh,Female,Yes,44741.66247853439,2.0,52.18576093093687,159.03136496156964
301,42,Evelyn,Johnson,Female,No,40811.38341521095,0.0,54.761433762294665,141.4358340755456
302,19,Crystal,Hayes,Male,Yes,40610.26551859456,9.0,60.76164165317361,173.39211090843924
303,60,Cameron,Graham,Male,No,37233.85699379254,2.0,,
304,73,Sharon,Russell,Male,Yes,-41142.83835558215,4.0,100.50793684263971,169.0628275431221
305,19,James,Baldwin,Female,Yes,31982.35720751714,0.0,83.47672205103257,168.58726165325004
306,36,Olivia,Moore,Male,Yes,35313.373446465695,3.0,121.84394173423377,175.46575596663502
307,67,Melissa,Callahan,Male,Yes,42936.76401745327,1.0,70.15049519410687,185.5261727850975
308,44,Lisa,Smith,Female,Yes,25881.174749932496,9.0,71.65279325912229,160.12334348333874
309,38,Rachel,Ramirez,Male,No,40666.70404124088,0.0,73.00711962716366,176.28546750477386
310,30,Jamie,Richard,Male,Yes,25752.285863350662,0.0,95.21593962746618,168.00080665904372
311,46,Laurie,Jefferson,Male,Yes,28669.31008965128,4.0,63.89358035299021,169.11920105787613
312,77,John,Cruz,Female,Yes,37477.37831591562,3.0,58.02196357615119,166.78869341330469
313,40,Hayley,Hall,Female,No,14768.13548745021,2.0,,
314,63,Michael,Cuevas,Male,No,41383.424200498965,5.0,86.39090736445482,168.24854764700146
315,55,Amanda,Scott,Male,No,38899.8537826466,1.0,86.94500240759281,187.6081723295809
316,61,Kimberly,Nelson,Male,Yes,42530.64584971947,4.0,78.08885724129118,145.7557335331282
317,43,Mark,Schmitt,Female,Yes,30607.509655098638,1.0,69.09116093805268,157.19261554134965
318,80,Elizabeth,Perkins,Male,Yes,58567.64757119103,4.0,57.196002881185365,187.57113099183277
319,23,Nicholas,Livingston,Female,No,40956.57778209839,0.0,76.64709071184089,153.56640228817344
320,23,Christine,Gould,Male,Yes,35862.51494360722,1.0,78.73061254958353,163.0237699609241
321,19,Ricardo,Martin,Male,Yes,21060.795722582316,0.0,66.90821718149544,183.9877706368073
322,19,Bridget,Bryant,Male,No,38368.285527160195,0.0,70.41420994811115,174.4000855387472
323,22,Amanda,Underwood,Male,No,37924.040031162025,1.0,79.74768387877842,171.62781389941003
324,49,Holly,Cummings,Male,Yes,46431.98804399007,5.0,102.1335497420229,180.40948478832644
325,44,Jillian,Brown,Male,No,15307.897482473076,9.0,76.46846138644533,192.84506973794745
326,21,William,Rangel,Female,Yes,-21119.154572430587,2.0,67.12045325305641,161.33698339165892
327,24,Robert,Carpenter,Female,No,32798.19629439631,,47.47675360384733,162.4274487007029
328,35,Cynthia,Miranda,Male,No,16886.658393095942,0.0,74.42570855063492,186.8676325708578
329,58,Natasha,Dixon,Male,Yes,34991.606416852585,1.0,86.63179427787404,182.57214032242203
330,28,Alex,Daugherty,Female,No,26625.82002402653,2.0,72.31155739860955,166.41919088279133
331,52,Greg,Hayes,Female,No,50426.971630888904,1.0,65.34848050255538,161.55973780451913
332,78,Kristina,Jackson,Male,No,29282.675113235717,0.0,72.05255610170181,179.85919786235664
333,22,Robert,Sullivan,Male,Yes,36432.886815506245,1.0,89.93819245436875,181.60695509244212
334,32,Sara,Ramirez,Male,No,40222.738977009,0.0,58.99603483604582,172.97991759173567
335,23,Aaron,Owen,Male,No,8143.359766835674,1.0,38.10819173189152,180.06359261409284
336,57,Monica,Graham,Male,Yes,40371.3338228094,0.0,64.59432904302659,149.79153167835557
337,30,James,Richardson,Male,Yes,42247.125234009116,2.0,72.0071390335846,180.72533848127728
338,57,Brianna,Young,Male,Yes,45300.595944458655,1.0,59.999653641254035,177.91317430651878
339,80,Angela,Kelly,Male,No,50734.13620403855,4.0,85.97315032118142,183.03983515247288
340,31,Samantha,Berry,Male,No,35973.512159196114,0.0,96.34793999287122,175.88527944793788
341,48,Richard,George,Male,No,22275.00480853967,3.0,101.68447372840913,176.57740161971674
342,39,Jenny,Warren,Male,Yes,-30406.022788509763,0.0,100.51921887095575,174.8547092252789
343,74,Brian,Robbins,Male,No,42866.639533027104,1.0,106.56423029237139,147.4190431702954
344,77,Philip,Wilson,Male,No,48116.6878937071,2.0,117.77673091033537,176.17818922897166
345,23,Deanna,Washington,Male,No,36626.684977020224,1.0,85.5704195946766,154.235213817405
346,38,Andrew,Hicks,Male,No,35524.05988927929,1.0,67.75298894562658,180.9441830150167
347,62,Tracy,Cole,Male,Yes,53265.61191968026,1.0,126.75363289398977,
348,72,Melissa,Macias,Female,No,35912.0226325629,3.0,59.66652413215794,161.6439853665475
349,66,Jennifer,Williams,Male,No,39022.134609648594,7.0,56.42264876724714,165.52060950009067
350,41,Christopher,Harvey,Male,No,16730.0482255169,2.0,61.113734088083206,167.8978045310066
351,61,Edgar,Clark,Male,No,49364.098872330476,5.0,76.0265508872943,169.63226300945914
352,55,John,Adams,Male,No,39143.32899348684,3.0,147.0522728117126,158.91710453648065
353,78,Francisco,Logan,Female,Yes,46308.735155930146,10.0,43.22070844684452,162.65689800788923
354,44,Jennifer,Delgado,Male,Yes,4216.207493718513,1.0,55.87731273412054,
355,35,Jesus,Murphy,Male,No,25135.326203168042,1.0,79.86702630406877,177.91735875380581
356,64,Karen,Smith,Female,Yes,42096.86504787173,2.0,63.0306638243326,158.5278473777858
357,59,Michael,Marshall,Female,Yes,33176.468883778696,4.0,67.49530319499965,161.13127089375277
358,47,Taylor,Holmes,Female,No,43965.09233273326,9.0,46.76538790315912,158.81640701820947
359,58,Christopher,Nelson,Male,No,47178.05011247006,4.0,71.43030936837393,183.42291176567758
360,61,Amanda,Garcia,Female,Yes,38065.77492434622,,57.14058252788411,171.5047952417501
361,79,Victoria,Fields,Male,No,36037.27395017291,2.0,76.5467796976921,181.9135470217748
362,46,Sara,Allen,Male,No,22694.316497120562,0.0,70.20675020683893,175.5457731087561
363,31,Mariah,Hardy,Male,No,42766.31832653045,0.0,75.78543877650287,154.00943547427016
364,29,Richard,Hernandez,Male,No,39168.5865875268,1.0,86.84928817268407,170.35083279111092
365,51,Kevin,Wyatt,Male,Yes,32185.818458056903,2.0,103.62187203596234,176.5244241280223
366,44,Anna,Sawyer,Male,No,40080.86866825227,2.0,80.53673463476514,167.2455897170749
367,47,Miranda,Wolfe,Male,No,58739.62800266096,3.0,69.99936369633639,172.72452913643252
368,72,Kathy,Mcdaniel,Male,Yes,24492.94751817835,7.0,78.27288073583308,178.77012822126184
369,70,Krista,Marshall,Male,No,42403.678303524124,5.0,73.77739209373715,162.65250885770723
370,21,Daniel,Peterson,Male,Yes,,4.0,87.60867430831873,177.73895364843773
371,18,Kyle,White,Female,No,44307.711848888044,0.0,74.21499788594429,169.51173832391942
372,22,Wesley,Morton,Male,Yes,31198.08510996221,7.0,69.04875003877483,162.74205879829242
373,62,Christine,Clark,Male,Yes,30922.070787744102,1.0,98.70069501962936,157.87236963563174
374,41,Victoria,Evans,Male,No,43490.88606371886,2.0,87.63826681456818,173.64225782517994
375,50,Joshua,Decker,Male,No,41474.92156291221,6.0,66.16305550492669,179.93062709208942
376,64,David,James,Male,No,46343.98157931777,0.0,82.43388525557714,162.02381638041072
377,59,Jonathan,Perez,Female,No,31367.487030908054,3.0,65.24036185280148,149.27863434217184
378,51,Robin,Kaiser,Male,Yes,49963.71012795085,,88.90210401557734,172.70494367170645
379,66,Karla,Taylor,Male,Yes,22680.80782896656,,91.70610746370426,194.09982199989534
380,73,Gina,Wilcox,Male,Yes,46060.74988125012,3.0,90.18387123790751,163.06784576024728
381,61,Mary,Ayala,Male,No,44094.31697536834,4.0,81.06803292458959,180.81011010432593
382,37,Nicholas,Jackson,Male,Yes,28606.52945204163,1.0,125.4954059548036,182.55566666131858
383,29,Stephanie,Burton,Male,No,59111.29222990926,1.0,84.74306744894396,159.43246383073952
384,55,Mary,Smith,Male,No,25710.038412710244,4.0,,181.87879935396722
385,60,Roger,Maldonado,Female,Yes,34056.658925716176,2.0,57.83641940480794,162.8635539295982
386,47,Jeffrey,Allen,Male,Yes,31872.447324639492,2.0,53.1743111564162,168.3900136001161
387,19,Jay,Hurley,Male,No,31289.254721739097,0.0,61.67392912557265,188.55319219602094
388,46,Craig,Rose,Female,No,31794.556568197506,2.0,89.30530809329423,148.02371640700608
389,64,James,Owens,Male,No,53078.14395874627,4.0,81.16028441685384,172.0952320821942
390,68,Jacob,Hogan,Male,Yes,51847.15902679483,1.0,92.33074060488889,195.83632168831855
391,22,Kirsten,Henderson,Male,No,48659.70654915746,2.0,68.66593753797932,177.20326601075573
392,33,Geoffrey,Lawrence,Male,No,20175.99878384203,4.0,103.38011592708493,199.33571485833986
393,44,Michelle,Daniels,Male,No,48640.64356850332,3.0,90.57228662670515,177.07157898785846
394,40,Julie,Gallagher,Male,No,27769.213974023223,1.0,96.86653410812801,158.2285756387142
395,42,Ryan,Welch,Female,Yes,35212.79729730617,10.0,53.24387676090659,168.28555498185565
396,49,Maria,Hopkins,Female,No,38541.742211965815,1.0,69.14112417621949,146.98730465088755
397,51,Stacy,Smith,Female,Yes,49983.66598621642,3.0,54.33240947842598,164.49106298749876
398,76,Bryan,Estrada,Male,No,41685.37477263594,2.0,,
399,34,Andre,Johnston,Male,No,37973.71241600839,2.0,86.43588287479903,164.02298606238915
400,46,Tonya,Fields,Male,Yes,48858.72720190697,6.0,74.96667070021074,194.35822824752842
401,35,Sarah,Sullivan,Male,Yes,39989.55928785276,1.0,45.42425493935021,178.21882685107906
402,46,Daniel,Vasquez,Male,No,20988.418388856124,0.0,72.6590251761283,177.83034943778776
403,25,Sierra,Woods,Male,No,3017.784928085908,1.0,96.85096500705329,184.32316832356744
404,69,Judith,Sanchez,Male,Yes,49498.975794435086,5.0,92.03742057301668,164.76416958034955
405,36,Danielle,Nolan,Male,No,43969.8996421351,1.0,73.53205877783363,154.1287988998889
406,28,Scott,Parker,Female,No,37792.72393939685,,64.56561089491478,159.59493800587498
407,69,Felicia,Howard,Male,No,35384.001031822474,3.0,70.18044707449647,179.4241019044091
408,20,Sandra,Alvarado,Female,Yes,38192.35001165328,0.0,75.9453674380391,156.53226563437843
409,79,Sherri,Wyatt,Male,Yes,,4.0,89.40916822347863,163.2401742254992
410,76,Daniel,Strong,Male,No,34290.26939301456,6.0,72.01711506295227,158.6683031510228
411,46,Jose,Ho,Male,Yes,55164.179349662416,3.0,81.97599361644951,187.43301768882185
412,70,Jesus,Bass,Male,Yes,40322.303824727736,7.0,82.04101482317085,187.76531792842619
413,20,Lori,Moran,Female,Yes,10827.968332539705,0.0,73.21487817238682,174.097419614064
414,35,Megan,Sharp,Male,Yes,34800.22592696413,0.0,100.9278287235053,191.63065028487483
415,76,Tiffany,Reeves,Male,Yes,33167.78295720636,1.0,58.58244183822475,172.85765428235646
416,70,Melissa,Morales,Male,No,50234.76188796477,3.0,94.92558181922243,176.3303936373728
417,41,Jasmine,Stanley,Female,Yes,,0.0,91.5565350113453,167.2311904954148
418,53,Molly,Drake,Female,No,34147.63760247352,3.0,64.72301963759843,165.8042682721681
419,28,Austin,Quinn,Male,No,,1.0,52.63362601813937,172.1308775207932
420,76,Kellie,Fleming,Female,Yes,39943.50353415158,2.0,61.56058058189286,178.43273277560138
421,57,Joshua,Martin,Male,No,35748.14138308835,3.0,94.09778558513611,178.03707986097345
422,19,Tammy,Harrison,Male,No,17426.594195445312,0.0,,166.9890415024853
423,71,Ashley,Rivas,Female,Yes,49262.38908697474,2.0,73.30726076290141,168.75445030175422
424,58,Joseph,Williams,Male,Yes,29861.098737126245,1.0,73.32322186596444,173.02219724253524
425,45,Nicholas,Russell,Female,Yes,34303.36578257806,4.0,79.47392292179042,144.7607496448752
426,47,James,Fletcher,Female,Yes,28880.17957389875,2.0,,
427,75,Jessica,Duncan,Male,Yes,55145.41715759719,1.0,45.312069180130486,176.65050882162674
428,38,Tyler,Vaughan,Female,Yes,27501.222764080652,1.0,71.25706199036713,149.96528298588987
429,49,Thomas,Curry,Female,Yes,36892.350988983715,4.0,56.32014376674729,145.9863395847988
430,21,Michaela,Hernandez,Female,Yes,44369.69641167531,1.0,60.549869930346986,162.24238431657642
431,59,John,Miller,Female,Yes,35536.4922456681,3.0,76.8654038393274,145.10028710606719
432,48,Peter,Jones,Male,No,44971.66348331415,2.0,80.34910418906139,157.8904187849668
433,37,Betty,Rodgers,Female,Yes,47198.935138465065,1.0,77.94103732051022,170.27397454058112
434,55,Cristian,Davis,Female,Yes,36738.4623280723,2.0,78.23952657473676,163.0379288938229
435,52,Troy,Bush,Male,Yes,31452.50346922969,4.0,73.79424425975135,165.34355928926252
436,50,Robin,Roberts,Female,No,18369.626874648788,2.0,59.35006138346941,157.72889250292957
437,42,Jimmy,Murphy,Female,Yes,33794.44881270377,2.0,92.26143102484986,153.6456848099892
438,23,Amanda,Walters,Male,No,21056.404790846347,1.0,78.58444114659312,185.83870742148807
439,69,Brianna,Berg,Male,No,36223.8558517388,5.0,84.50914971226332,192.52090187654136
440,55,Tamara,Taylor,Female,No,36241.09346509089,4.0,92.46216713368206,164.84379923077094
441,30,Katie,Moon,Male,No,30551.805564341466,10.0,64.72931094802526,184.84910899725617
442,21,Janet,Cummings,Male,No,24543.191980327218,0.0,,
443,21,Tiffany,Ruiz,Female,Yes,48356.04669042634,0.0,69.01204555044805,170.91720371645712
444,36,Jacob,Solis,Female,Yes,,3.0,72.29143194879852,159.73900355455197
445,45,Derek,Parker,Male,No,,3.0,62.96226501792766,194.21364887666465
446,41,Jason,Haney,Male,Yes,27281.383532386484,2.0,80.43759863831744,165.04808075381774
447,67,Brenda,Perry,Male,No,29106.5858888701,0.0,82.20366927455272,176.3728546190783
448,31,Brenda,Berg,Female,Yes,47900.913452300956,0.0,30.15074143775177,157.31036404136327
449,36,Jessica,Larson,Female,Yes,32375.909480631544,0.0,64.2784008759206,160.84308363855226
450,28,David,Thomas,Male,Yes,28013.820354598633,1.0,85.16778700574885,
451,32,James,Oconnor,Male,No,30337.7036100974,2.0,81.68978504284425,201.3165827336832
452,25,Alicia,Cooley,Male,No,31172.610706780113,0.0,91.18810441903341,168.4764327956378
453,54,Jeremy,Williams,Female,No,36915.486709614524,2.0,70.91760597457542,164.9873402031066
454,56,Tammy,Chase,Male,No,41022.87349531744,2.0,71.17261888962368,168.5513409219398
455,43,Michael,Smith,Male,No,38732.815629116216,3.0,89.73200703853814,171.3662599963632
456,20,Jessica,Gibson,Female,Yes,33178.72668613666,0.0,72.6639914714739,140.9758699502013
457,18,Richard,Dixon,Female,No,35320.206618088385,0.0,48.080004787696865,153.81568809559488
458,25,Michael,Adams,Male,No,18289.508679091738,1.0,91.67670843131131,175.20432993607133
459,48,Corey,Hunter,Male,Yes,38965.87922882493,2.0,89.29451137514016,181.52117383409922
460,18,Gregory,Weaver,Male,Yes,20701.649125671807,0.0,106.40700645500227,173.8596934028213
461,66,Phillip,Spencer,Female,Yes,33263.75398574407,3.0,68.35608069539877,170.87132157726452
462,64,Tina,Ortega,Female,No,40067.67873794404,1.0,43.31013535192304,153.58781599945718
463,35,Robin,Castro,Male,No,19833.005379279995,0.0,98.55545626602469,181.8195380931184
464,74,Ashley,Johnson,Male,No,55280.80894076263,2.0,83.48930295787862,172.37771700292163
465,33,Sharon,Smith,Female,No,27308.514614350504,1.0,59.30058378327875,178.02921960425044
466,53,Diana,Carter,Male,No,44447.21959171745,4.0,76.63611301489838,186.44731200119594
467,78,Danny,Riley,Male,Yes,36538.82377015087,1.0,53.48749238388113,179.69336552593106
468,34,Joshua,Wiley,Female,Yes,15924.229824013117,2.0,46.52907992602309,164.0990987243204
469,30,Suzanne,Gutierrez,Female,Yes,41588.22243378067,5.0,66.48481789240806,157.17935397792226
470,27,Marissa,Hudson,Male,No,19435.729389282693,3.0,70.8111879077808,193.90623943830153
471,78,Jacob,Harris,Female,No,14422.024558645007,3.0,69.79238066244017,155.80050961181846
472,69,Thomas,Pearson,Female,Yes,44124.722257815876,0.0,71.31726179488345,159.69514843450298
473,19,Sean,Bartlett,Male,Yes,21672.9236163323,0.0,70.42508895600076,169.4117931067281
474,21,Linda,White,Male,No,21005.639413448742,1.0,88.59227618230487,177.67611206680482
475,41,Kevin,Mclean,Female,Yes,47252.50725279405,3.0,6.627536768054554,163.2905383757283
476,35,Francisco,Castro,Male,No,57273.287796155084,,40.783163652901315,159.2039044009403
477,76,Mark,Brown,Female,Yes,37063.412778079866,4.0,52.20904743979105,155.59160085628332
478,18,Mary,Rojas,Male,No,24585.603132691525,0.0,73.14121884313451,160.95373080064795
479,59,Leah,Smith,Female,No,43183.405789031196,2.0,82.64482822958286,157.8247373053041
480,56,Dwayne,Smith,Male,Yes,36375.643888843944,6.0,48.59743035305375,180.3136731681644
481,24,Suzanne,Taylor,Male,No,20645.60871996308,2.0,68.28614099087858,165.8426010924402
482,27,Marcus,Phillips,Male,No,15200.710039427544,2.0,97.98077004883325,180.53611137664086
483,20,Stephanie,Miller,Female,Yes,17310.895027322273,9.0,69.32853772532845,177.09764324324877
484,57,Christina,Walton,Male,Yes,43826.125061174294,2.0,98.81681529337575,188.39748426822084
485,18,Jessica,Hurst,Male,No,52379.23584991305,0.0,86.36105736142773,167.88287357637452
486,50,Alexander,Brown,Male,No,40051.574106306696,0.0,100.5942418855137,173.1852634029179
487,36,Thomas,Fisher,Female,Yes,30659.117734234576,7.0,73.65756188375437,174.8078341928901
488,39,Charles,Martin,Male,Yes,50312.67927362825,1.0,74.90154338315297,172.13619079679756
489,19,Sean,Gross,Female,No,26846.277254524317,0.0,54.801453369770016,141.26548229693861
490,24,Ashley,Davis,Male,No,24650.253058508642,1.0,85.59996613456283,190.53577710372832
491,24,Suzanne,Charles,Female,Yes,39861.52830231596,2.0,60.724975899406274,152.89670979145347
492,72,Andrea,Cooper,Female,No,55606.89111447903,1.0,27.36853583420696,141.44239987733982
493,74,John,Watson,Male,Yes,49360.092524522806,10.0,63.98483070240157,169.88428188228445
494,23,Derrick,Barrett,Male,Yes,34647.49637607517,2.0,79.4089899319661,157.7269325474053
495,65,Stacey,Carter,Male,Yes,40451.45722050348,3.0,73.87443457636658,166.54774636625936
496,24,Joshua,Marks,Female,Yes,47740.90333271635,1.0,86.89193510028794,159.1956224693727
497,29,Julia,Phelps,Female,Yes,22708.991219378015,1.0,82.01398338907097,169.22014107875404
498,54,Christopher,Williams,Male,No,-43378.113528527516,4.0,62.52372798920214,171.82859135139768
499,43,Jessica,Ho,Male,Yes,33434.74042842767,3.0,87.56585900347224,199.45043752797562
500,31,Traci,Trujillo,Female,No,29325.484661954197,2.0,70.58313114901978,152.0899004431913
501,40,Ronald,Blackwell,Female,No,34533.75333964597,0.0,,
502,69,Anna,Nelson,Female,Yes,50736.567478417535,0.0,62.656730535463474,148.53905277040664
503,57,Cody,Rodriguez,Female,No,29061.279308886824,4.0,98.05387994634397,166.5216150925736
504,26,Joseph,Kelly,Female,Yes,28899.83098993856,1.0,103.77146305581095,163.58658415128951
505,21,Tyler,Collier,Female,No,34339.92879527949,3.0,55.82339248017946,157.5300514845509
506,41,Jennifer,West,Male,Yes,42979.88070603615,3.0,73.86029284622464,197.96066080345477
507,47,Olivia,Nguyen,Male,No,47419.09797636579,0.0,82.93694080210567,171.46659986067826
508,71,Kathy,Miles,Female,Yes,44458.37951740964,3.0,67.04994667638427,175.0708556938712
509,65,Sue,Tran,Female,No,28767.271823865696,2.0,61.86047738943412,150.55980717472642
510,40,Lindsey,Wood,Male,Yes,27381.367039437868,0.0,95.33676093074692,181.5654653230216
511,41,Daniel,Nunez,Male,Yes,26941.761820193075,3.0,88.24133349575207,158.91477034267533
512,55,Vincent,Hayes,Female,Yes,46243.54304223184,4.0,66.08134770784544,146.40916990527148
513,64,Thomas,Olson,Female,No,52605.698628920436,4.0,70.80012989688946,151.16913311564232
514,53,Justin,Sutton,Male,No,38711.180084605614,1.0,146.0552285633447,155.27000865233734
515,53,Loretta,Andrews,Female,Yes,29157.79060082387,1.0,52.66992238846749,163.59206123100597
516,74,Richard,Miller,Male,No,35980.1368095878,2.0,69.07613814434995,191.82884985743715
517,37,Savannah,Romero,Male,Yes,41106.806693784805,1.0,84.77178794146667,162.1886004018575
518,68,Michael,Gutierrez,Male,Yes,45481.50391598073,6.0,71.71535954199811,172.17418835744178
519,65,Todd,Bailey,Male,No,34650.000691434805,2.0,97.99901643656965,179.19778163498393
520,66,Christopher,Burns,Male,Yes,30777.667714273324,3.0,92.68755757424967,183.47311001686842
521,67,Melissa,Stone,Male,No,56988.26090971822,1.0,86.1673936439778,173.94641833057955
522,77,Kayla,Dawson,Female,No,37282.48146863089,1.0,132.31241195778355,172.4561750199676
523,27,Kimberly,Hays,Male,No,37412.5240905545,1.0,90.36067189552843,165.23813593937763
524,77,Eric,Weber,Female,No,59225.95099141654,0.0,96.6431124284898,172.3454429149232
525,55,Adrian,Soto,Female,Yes,52544.17714027853,4.0,78.11120134805044,151.10694949056227
526,73,Derek,Pittman,Male,No,31176.694229533518,5.0,72.6308815876879,171.52478439496312
527,50,Tracy,Riley,Male,No,38910.432695896954,3.0,64.61390661217288,198.07610534586584
528,42,Caitlin,Oliver,Female,No,39491.062014542076,2.0,71.98846399160568,164.24233124456512
529,21,Regina,Stevens,Female,No,42612.06533872611,0.0,85.87797009654989,153.37580316641817
530,75,Duane,Turner,Male,No,55930.61594956323,4.0,73.75158091301236,164.81910714534501
531,53,Michael,Rodriguez,Male,No,28733.839200362258,2.0,67.75643094147432,193.13690183536409
532,25,Hector,Chavez,Female,Yes,44392.74888190755,3.0,62.650619950581216,140.88205379819414
533,31,Melinda,Mendoza,Female,No,12886.73318560583,3.0,58.824025204322126,170.78051344690712
534,58,Bonnie,Horne,Male,Yes,41143.19391785996,3.0,66.28108496993366,175.21058149095566
535,74,Jeffrey,Martin,Female,Yes,55896.24281497857,10.0,39.685812888314686,159.5848264322194
536,58,Kevin,Fisher,Male,No,22336.912961215985,2.0,97.91017748651025,188.94284702682825
537,19,Heather,Williams,Male,Yes,31588.914423944174,0.0,69.68400049986235,174.61556011210263
538,73,Tom,Johnson,Female,Yes,35372.962602503016,0.0,87.32049461040752,131.0750429867187
539,37,Jill,Rangel,Female,Yes,39934.42244799269,3.0,76.19503657907794,163.2482545447505
540,27,Amy,Harrell,Male,Yes,19417.360321246335,1.0,96.0093376771639,149.03073406889857
541,38,Debra,Franklin,Female,Yes,55320.62173896814,2.0,56.132554780545235,146.18262076591782
542,69,Timothy,Sanders,Male,Yes,46179.60532212926,,65.00991278527604,192.01848765313838
543,40,Katrina,Potter,Male,No,29884.726875623306,1.0,52.83347639920868,164.39818394526847
544,33,Jeremy,Davis,Female,Yes,30533.746262954424,1.0,99.8292171261775,151.4861733093795
545,64,Tonya,Sherman,Male,No,31867.267424510097,1.0,104.7997831131956,162.78006270740553
546,40,Karen,Gordon,Male,No,18938.805726667488,1.0,94.00344370741996,172.5161933202409
547,64,Natalie,Thomas,Male,Yes,48799.37306599133,,,
548,59,Noah,Wilson,Female,Yes,31579.191291139363,5.0,83.20791796165115,168.42010446235258
549,39,Kimberly,Cox,Male,Yes,5806.053129867203,2.0,77.26146309095013,167.94587544087946
550,80,Gerald,Valenzuela,Female,Yes,47822.17216683275,2.0,68.86087930661475,160.82727042719782
551,76,Terri,Shaw,Female,No,38711.161030355004,4.0,60.371821153776814,150.697322103391
552,37,Melissa,Valenzuela,Female,Yes,46328.26830404295,3.0,45.56242938743243,161.77960920941788
553,75,Jacob,Pham,Female,Yes,32213.118859357084,2.0,66.52988427645558,156.29381013251714
554,30,Angela,Anderson,Male,Yes,50301.818458935755,1.0,88.43332239313969,163.94391842606532
555,70,Veronica,Miller,Female,No,39445.252294447186,4.0,99.33950268202292,167.15401465429215
556,77,Juan,Anderson,Male,No,51200.025710277594,5.0,116.84923439543434,185.11106978359106
557,77,Denise,Caldwell,Male,No,29986.360222380048,3.0,88.6495703438936,179.70835767529502
558,32,Molly,Williams,Male,Yes,34359.33019732737,1.0,81.03361111770415,171.5256673873943
559,26,Joshua,Silva,Female,No,34757.58281762837,1.0,65.07972040508612,166.61728420079294
560,50,Jared,Castro,Female,Yes,32422.088875546262,1.0,52.69953961527817,156.86385781762849
561,53,Lori,Brown,Male,Yes,49241.4348798304,1.0,66.1716699279156,186.93232340943072
562,52,Joanna,Powell,Female,No,39328.343366347,2.0,56.33040439502154,174.73632993773717
563,49,Chad,Alvarez,Male,Yes,45944.39550746957,2.0,81.05210263172786,173.07708833930946
564,65,Chelsea,Wu,Male,No,38121.64599281364,3.0,83.87804037327373,163.46881351270437
565,53,Lisa,Case,Male,Yes,33991.37005605193,1.0,44.87659741567907,162.65469498984254
566,53,Garrett,Burke,Male,No,26462.73081732734,4.0,76.18237619869313,173.49954244994947
567,63,Tina,Casey,Male,No,39891.841666268236,5.0,,170.78109733390238
568,46,Erica,Ferguson,Male,Yes,35971.86334268671,3.0,75.25557585475488,184.10504039266849
569,24,Samantha,Osborne,Male,Yes,33435.80836680615,2.0,62.21021918378436,169.5351752089419
570,76,Jared,Stokes,Female,No,37091.13322403271,3.0,77.86138940162895,142.54873085719083
571,59,Melissa,Scott,Male,Yes,53850.73696306429,2.0,77.73330622247313,188.28404434163218
572,72,Sheri,Nash,Male,No,50900.24610679075,2.0,95.62507715744384,176.32280751576224
573,48,Wendy,Morse,Female,No,50614.83251918607,2.0,66.18793375275035,154.64997748454664
574,57,Christopher,Lee,Female,Yes,42613.48387700789,5.0,81.07967444342665,160.03478364810564
575,50,Jennifer,Ayala,Female,Yes,39656.78942470968,8.0,80.90395038202496,
576,72,Carol,Ramos,Male,Yes,49216.29496699881,3.0,72.50297419747005,177.2744941798716
577,21,Larry,Becker,Male,No,22320.641265209357,0.0,70.90528723333597,186.58013210487877
578,41,David,Jones,Female,No,-38398.892431126515,1.0,76.99241525918993,136.80108616666763
579,47,Michael,Hughes,Male,No,31120.810345105776,1.0,83.92728159151842,173.06442820240525
580,52,Chad,Barnes,Male,Yes,13773.440355270977,5.0,59.83617785788779,190.33819413709776
581,38,Lonnie,Griffin,Male,No,46347.73404341593,1.0,64.17795972124361,187.1595373789661
582,74,William,Henry,Male,No,41876.25141717086,3.0,113.0540769747394,194.38384809007835
583,22,Theresa,Riley,Male,Yes,57490.519691269365,5.0,71.90494117036663,162.1592939121395
584,52,Sandra,Collins,Female,Yes,33126.80177552103,2.0,81.32443322198483,154.78393550519536
585,35,Kayla,Lawrence,Female,No,45526.972422611514,2.0,51.50617861053886,143.20972866057474
586,69,Zachary,Reynolds,Female,Yes,-36899.425847374776,3.0,64.30777644574034,161.4891259053728
587,57,Shane,Woods,Male,No,33374.20662049957,4.0,58.580769548703195,156.91399531051053
588,65,Christopher,Richardson,Female,Yes,,3.0,47.373082611530506,168.77137346520843
589,54,Patricia,Ford,Male,No,38916.66887223965,2.0,75.66180897799973,166.64243002509178
590,38,Patricia,Silva,Female,No,23577.9575744431,0.0,28.422778872743372,167.82414320482224
591,18,Brenda,Bell,Male,Yes,20476.88693052187,0.0,67.52613792574402,155.16181331021963
592,74,Eric,Bartlett,Male,No,37272.297385521284,0.0,44.349714226986826,168.79029195464676
593,47,Jennifer,Jenkins,Female,Yes,31277.41222389853,0.0,40.55732705431009,167.56173883574562
594,28,Samantha,Perry,Male,No,46201.73499226094,1.0,69.15711548768778,172.2282733472814
595,46,Charles,Ellison,Male,Yes,28170.791255887765,4.0,49.76858214414202,171.1502287881073
596,47,Jamie,Pineda,Male,No,38787.20589792913,1.0,62.74092256915145,168.31365428658773
597,62,Kimberly,Porter,Male,Yes,29634.15129992991,,103.44854024737161,178.47905459597243
598,25,Ronnie,Ruiz,Male,Yes,30418.363971615403,1.0,100.29764381005951,165.8869264232751
599,42,Audrey,Esparza,Female,No,49395.99364358044,0.0,111.06738072555595,167.95902591742436
600,31,Zachary,Ross,Female,Yes,39226.96820125025,2.0,43.54366123037832,161.6003436854018
601,26,Gene,Mendez,Male,No,40349.108487007594,2.0,45.6217242678901,177.4857063032979
602,30,Edward,Winters,Male,No,33552.2392222127,2.0,57.1291838442133,172.5526652686731
603,35,Andrea,Allen,Male,Yes,36947.83004536241,1.0,59.8359889791852,189.2079924746746
604,62,Karen,Bauer,Male,Yes,43765.86468703903,2.0,109.02088132242986,169.66929957191223
605,48,Andrea,Mcdonald,Male,No,36258.333247476585,2.0,85.90051994180688,181.69841104216738
606,58,Veronica,Mendoza,Male,No,46075.908469582435,3.0,101.45533829005278,
607,35,Karen,Taylor,Female,No,36009.50318080891,0.0,57.10874281559547,169.47928902260475
608,39,Corey,Cabrera,Male,Yes,19422.01219906047,2.0,,
609,78,Billy,Garrison,Female,No,59929.923407818904,8.0,48.54588207864316,168.51147412069395
610,22,Michelle,Hodges,Male,Yes,22960.084280944655,1.0,82.52931534600249,171.19571872711853
611,68,Terri,Lopez,Female,Yes,47532.712209898644,5.0,57.813530172769646,171.0491042181885
612,68,Mark,Wells,Male,No,36815.03215304045,4.0,81.9081933944806,183.7173432821218
613,26,Roger,James,Female,No,24300.515958613105,0.0,80.51629293178216,158.10532901952558
614,42,Michelle,Benson,Female,No,33146.396073305696,1.0,69.60802302016265,169.24720398079018
615,26,Matthew,Waller,Male,No,54804.206766192816,9.0,76.7339532231534,174.31555927809316
616,27,Jeffrey,Lindsey,Female,No,21678.292109199967,0.0,52.705398887241294,162.8930662307152
617,27,Eric,Carlson,Female,Yes,27994.607411500132,0.0,76.85837041374992,159.43311894952961
618,70,John,Jones,Male,No,52488.2862167947,4.0,83.51848730689696,169.59417303090294
619,23,Katherine,Kelly,Male,Yes,32468.702171827714,4.0,90.63422248861183,165.45324830609758
620,42,David,Bryant,Female,No,27876.163456804657,2.0,109.87841623032155,146.11688910920319
621,19,Logan,Wilcox,Female,Yes,,7.0,45.79883958973468,154.22747877005366
622,19,Regina,Cooper,Female,No,45329.71017056433,0.0,101.57181518211567,159.2917431970539
623,45,Lauren,Johnson,Male,No,40806.98168614159,2.0,80.70859413376671,185.40722096106887
624,51,Christopher,Keller,Male,Yes,40091.61012249962,3.0,40.05957937113536,164.88949720029368
625,50,Wayne,Porter,Male,Yes,16472.00104844787,3.0,85.53124899437996,176.27326574690773
626,21,Michelle,Jacobs,Female,Yes,34554.95985960817,0.0,79.69069520746001,154.02831680582312
627,72,Sandra,King,Female,No,47362.516801320475,0.0,50.963426698101216,153.247182128836
628,19,Marcus,Moreno,Male,No,27668.431350112052,0.0,87.45662798452969,166.8778210798883
629,77,Michelle,Barrett,Male,No,-42953.75976034894,2.0,94.86572472459746,175.51988616140352
630,60,John,Avila,Female,No,-42489.52124420776,1.0,43.10731973362924,161.30047370513736
631,43,Erik,Martinez,Male,Yes,46050.56050588619,9.0,91.47751660246749,185.36782727074987
632,26,Cheryl,Mclaughlin,Male,No,33628.28577758458,2.0,55.06359094185869,181.21464665770577
633,68,Lisa,Robinson,Female,No,-31678.68871406372,2.0,64.88686173235419,164.52568042363944
634,62,Paul,Jackson,Female,Yes,42396.3728065844,3.0,51.032264361405645,165.9175261173496
635,57,Sarah,Stuart,Male,Yes,34578.161201861694,7.0,70.69030270420875,171.01700713816197
636,20,Leonard,Dunn,Female,No,46624.294917396925,0.0,59.56940719876346,168.63218106430907
637,29,Caroline,Guzman,Male,Yes,18572.66983268335,0.0,79.25902721306667,179.9436639641277
638,37,Kara,Hall,Male,No,33628.73272234314,2.0,103.84250293212877,184.13940546131533
639,61,Matthew,Guerrero,Female,Yes,44540.12347618104,,74.47273087993544,165.51704495620405
640,65,Katie,Moore,Male,Yes,55030.35758461128,3.0,108.7212935843489,159.87527905323049
641,29,Benjamin,Stevens,Female,No,33411.12688563282,1.0,85.92843757014569,157.79643973448668
642,60,Marie,Hughes,Female,Yes,32517.5791991853,,60.05514371214926,151.72118441902558
643,37,Jared,Walter,Male,Yes,35010.48822581894,1.0,71.71344360313469,179.29937995801126
644,69,Katherine,Banks,Female,No,31839.798397452963,,64.65985520938887,146.99017888650832
645,75,Adam,Luna,Male,Yes,36387.131554358755,6.0,90.25933970005096,165.26611930578395
646,76,Christopher,Walker,Female,Yes,59952.40808670355,1.0,82.36776870146355,150.80820706440633
647,71,Richard,Coleman,Male,No,44305.025011054575,2.0,78.99493069165915,177.29594766503706
648,62,Brandy,Peterson,Female,No,48901.29797220148,3.0,54.36706007593027,177.2570157956916
649,23,Henry,Romero,Male,No,17647.08288744916,9.0,84.60718291426518,165.62157722186842
650,67,Paul,Ibarra,Male,No,31160.235463235582,3.0,97.42714664117585,
651,37,Tracey,Rogers,Male,No,36509.47230714761,1.0,111.53723671361647,181.8407494874032
652,26,Rachel,Hicks,Male,No,23960.87495162009,2.0,111.0090663069245,192.7046523045109
653,78,Danny,Coleman,Male,Yes,53692.38497256313,3.0,118.78310497570811,164.17096734851089
654,56,Elizabeth,Gordon,Female,Yes,43333.42943779366,3.0,45.71172353269838,165.115956962866
655,22,Jeffrey,Flowers,Female,No,37186.80951045583,2.0,68.64331540942912,159.65394191526616
656,18,Julie,Barker,Male,Yes,27742.46231292429,0.0,96.22834815170089,182.72558760541887
657,33,Jennifer,Higgins,Male,No,48019.91820593159,1.0,56.02223689079818,168.39127692123967
658,36,Chelsea,Smith,Female,No,35854.459679429674,3.0,51.18776066585586,161.27457801255156
659,42,William,Anderson,Male,Yes,33245.00129999314,2.0,63.125295878953295,187.26223434040534
660,31,Alyssa,Brown,Male,No,33566.878913555636,2.0,87.01295609679245,172.6961151399287
661,28,Lauren,Cruz,Male,No,50127.174712048014,1.0,59.930865526269976,165.2346413344827
662,21,Gregory,Cruz,Male,Yes,55601.193497028886,1.0,78.49629761905277,170.25699415475853
663,74,Jennifer,Smith,Male,Yes,53343.79256974807,,68.26137494920046,179.892907139824
664,65,Mark,Davis,Male,Yes,48439.66664726931,10.0,63.84156310150135,175.88414277859215
665,24,Ann,Parks,Male,Yes,48994.39253536915,0.0,66.56530192019302,187.51900515735056
666,21,Kristi,Fry,Female,Yes,18578.78435547396,0.0,,
667,19,Nicole,Gill,Female,No,15533.004115778413,0.0,60.87872260507547,167.57032946399326
668,43,Thomas,Peters,Female,Yes,46206.32781497753,,81.6949501131006,156.65515972560186
669,37,Nicole,Robinson,Female,No,29449.393087893855,2.0,38.7026972108595,161.84284853187103
670,25,Brianna,Sanders,Male,Yes,29631.06572650575,2.0,75.7942404524033,177.56587331240857
671,51,Victor,Fleming,Female,No,18354.89149174305,1.0,72.82762851355656,155.31605712059252
672,18,Elizabeth,Leonard,Female,No,29620.705543931854,0.0,36.50522117015585,146.52409040616143
673,73,Nathaniel,Thomas,Female,Yes,39303.43977682913,4.0,126.50986871147393,154.7423333002246
674,60,Stephanie,Nelson,Male,No,36218.55972391024,1.0,86.25893015270418,169.9790948641779
675,44,Carla,Rios,Male,Yes,53605.75834432139,,109.36197632676483,172.3717213316695
676,72,Caitlin,Hernandez,Female,Yes,56141.735727272564,3.0,43.859040018501275,140.08306426171214
677,63,Melissa,Huang,Female,Yes,48131.40129445826,2.0,74.25346927196922,148.99424889824564
678,39,Gary,Barber,Male,Yes,-39856.88231827987,5.0,74.0889251459671,178.42685931544423
679,43,Jack,Lopez,Female,Yes,38981.052253662696,1.0,79.5173890633633,143.39284079835448
680,54,Aaron,Lowe,Male,Yes,35556.86140929009,2.0,54.19838159665295,185.56141206003693
681,48,David,Young,Male,Yes,32460.415347577473,7.0,79.70704454393163,189.55123999231344
682,42,Shane,Jarvis,Male,No,18524.512013357933,,64.97068149090731,171.5723434124128
683,33,Stephanie,Parks,Male,No,17850.280106169932,10.0,72.04238324305211,175.33812058859505
684,53,James,Lopez,Male,No,40447.11280730242,2.0,62.024591756797534,162.3895001616164
685,37,Jeffrey,Moyer,Male,Yes,47760.36813435019,3.0,97.73339249862731,194.16130892850197
686,65,Mary,Griffin,Female,Yes,27223.319175150566,1.0,43.663427383785006,152.72745266080167
687,55,Deborah,Hull,Male,No,34728.380813873344,9.0,100.56972421628404,167.65611190214167
688,67,Andrea,Lutz,Female,Yes,40125.01529652445,2.0,55.952050973061915,152.57041719089565
689,72,Jill,Smith,Male,Yes,48510.446056254994,5.0,85.43272574718968,189.6544311448858
690,21,Robert,Rogers,Female,Yes,19393.835229275617,9.0,63.41388732093925,160.8285153331007
691,33,Joseph,Butler,Female,No,20610.799023922737,4.0,73.93076253907708,140.80017173014454
692,58,Kevin,Adams,Male,Yes,49869.899665181634,3.0,82.14668823871267,186.0746189711447
693,77,Kimberly,Johnson,Male,No,48426.67423074689,3.0,97.51525102711655,179.40366782504668
694,53,John,Farmer,Male,No,21716.22233348694,2.0,100.95041816141196,159.0718725205853
695,20,Gina,Stanton,Female,No,35583.77955918138,0.0,92.80060023753617,154.42272289947763
696,49,Laura,Duncan,Female,Yes,49840.64334694593,4.0,57.95393429056829,172.39354616501484
697,71,Tyler,Martinez,Male,No,53285.42635547694,2.0,64.4244259926623,160.49400503227918
698,47,Mark,Barr,Female,Yes,37712.18118963373,3.0,70.14668896798835,136.98003935762318
699,18,Lori,Jones,Male,No,19790.40609436467,0.0,,
700,59,John,Elliott,Male,No,46973.77821359043,1.0,77.5478291671121,173.44822956533113
701,19,Jeffrey,Le,Female,No,37420.907952856505,0.0,59.56709497683347,149.5945446651498
702,19,David,Stokes,Male,No,33589.18129738926,0.0,87.65204922246355,186.54029900795757
703,49,Valerie,Barnes,Male,Yes,35287.43018332174,1.0,86.71471473556215,151.6334424242672
704,79,Brian,Briggs,Male,No,33870.476929504286,4.0,97.28322162016903,180.3931006359213
705,72,Stacy,Johnson,Female,Yes,56630.91766813194,3.0,62.12840411461154,173.9079313510324
706,78,Kathleen,Harris,Male,No,52841.93912093327,2.0,89.51854670573813,181.87763206270475
707,39,Kim,Clark,Female,Yes,-44478.819889004255,1.0,35.34610276172383,163.062256425356
708,50,James,Cole,Male,Yes,34929.46281831678,1.0,89.54988730502025,158.05424312434974
709,44,Todd,Fernandez,Female,No,22479.402019690366,1.0,85.43987795059924,165.3272056126466
710,22,William,Davis,Female,Yes,27481.794108729136,2.0,125.13324848194995,143.21765007556957
711,46,Paul,Wilson,Female,No,41796.33140294987,1.0,60.22825305590901,157.44775516231056
712,22,Brian,Roberts,Male,Yes,22286.171122390853,2.0,63.18619584974212,172.21918145482138
713,65,James,Drake,Male,Yes,64797.358609779185,5.0,76.78266700235095,173.24986404215232
714,37,Michael,Campbell,Female,No,13946.51108168235,1.0,38.887679969558064,153.3402928424844
715,26,Anthony,Stephenson,Male,No,7834.000603078555,7.0,70.77745771130529,167.1265520639226
716,74,Briana,Allen,Male,No,41173.44573096174,1.0,52.657388656765455,183.2262372407002
717,29,Nathaniel,Smith,Female,No,36570.573664418946,1.0,63.436240781437206,152.8310878587284
718,21,Jasmine,Rivers,Female,No,46656.00341347882,0.0,47.30412411321453,165.61058295789198
719,29,Bradley,Holmes,Female,No,18682.135259660092,10.0,82.40699455754749,
720,41,Joy,Mercado,Male,Yes,46891.78486504304,3.0,81.09465867396663,171.82152385569162
721,69,Diane,Foley,Female,No,51844.42754121666,2.0,69.11865134187194,179.842617892439
722,35,Donald,Mathews,Male,Yes,29411.12277044524,2.0,56.14768914347653,175.69671772344478
723,76,Troy,Torres,Female,Yes,26166.966932513704,4.0,78.41666649672773,152.237431337008
724,59,Megan,Moore,Male,No,34492.17009889769,2.0,85.77678427789216,181.3505027166017
725,18,Candace,Wood,Male,No,40093.98308416339,0.0,65.86155589347509,179.75220488913152
726,23,Robert,Santiago,Female,No,32514.230256977633,1.0,43.0660285806725,156.17140104995028
727,56,Justin,Ford,Male,No,22056.236094162497,3.0,83.50076259667654,179.08474614400794
728,74,Michael,Foster,Male,Yes,38374.05236608715,1.0,69.21488234101159,164.7843117262849
729,57,Joshua,Tran,Male,No,51769.857757866455,2.0,105.3647563228458,161.28531731426978
730,61,Elizabeth,Davis,Male,Yes,53290.10847107711,5.0,82.41711235824947,159.54061221817824
731,34,Jamie,Ballard,Male,No,17214.17501505054,0.0,77.58647102572918,180.7220861867175
732,69,Nancy,Richardson,Male,No,45014.22741867434,0.0,148.88368459192912,162.90039215411346
733,68,Cynthia,Adams,Male,Yes,33299.646949355396,3.0,68.81236587503078,193.24060350885128
734,78,Angela,Riggs,Male,No,49816.29474738082,5.0,55.970054391662984,175.29609463431083
735,74,Christopher,Mckay,Male,Yes,29586.683143950908,1.0,86.35448435000978,177.34832808434552
736,20,Sherry,Carrillo,Male,Yes,-29127.703212458116,0.0,82.38874289010454,193.22282503213006
737,20,Christian,Ballard,Male,No,34916.216023799105,0.0,79.32928374887084,173.2797897605727
738,48,Jessica,Wagner,Female,No,36933.89736558365,1.0,74.24616763427105,159.5154463885464
739,23,James,Kennedy,Male,Yes,46171.81355247849,8.0,78.44428224499156,171.7890237579797
740,71,Hector,Higgins,Male,No,,3.0,85.14075701968072,151.19323937501503
741,31,Abigail,Hammond,Male,Yes,39278.86840869014,1.0,37.11050480657807,180.2956362176229
742,63,Jose,Mitchell,Male,Yes,28187.974959035033,1.0,41.64582309266131,185.58274565899447
743,79,Amy,Pollard,Male,Yes,37091.673711693125,4.0,62.328877190342155,
744,54,Susan,Thompson,Female,Yes,41209.2326431676,3.0,36.70025182704844,162.50711666929078
745,59,Colton,Drake,Female,Yes,48865.9461318938,3.0,30.818859610747154,164.69489228992566
746,63,John,Montoya,Male,Yes,51730.68238667594,3.0,73.87966224008424,162.5000682088954
747,63,Morgan,Porter,Female,Yes,32721.29841692451,1.0,55.4982053202701,159.388994851025
748,39,Melinda,Obrien,Male,Yes,35620.86715771304,3.0,62.297182015287135,181.5667399836425
749,43,Nicolas,Smith,Male,Yes,24648.050356034415,0.0,94.16484252680785,169.24287800654523
750,47,Gary,Woods,Male,No,28981.876224714168,5.0,92.908188690834,167.78307465522684
751,49,Joseph,Garcia,Female,Yes,31860.30206437646,10.0,45.00449757068112,152.07775415853067
752,20,William,Haas,Male,No,23601.366285989236,0.0,103.56802191933946,168.68476014069057
753,63,Paul,Shaw,Female,No,24212.331677299662,1.0,54.90152435703172,171.18876255476724
754,25,Mitchell,Chavez,Female,No,,0.0,69.74685768325251,165.711930077683
755,38,Amanda,Buck,Male,Yes,39982.5707050174,2.0,106.87939134006683,175.42347317933275
756,67,Joseph,Daniel,Female,No,56900.47834599862,4.0,68.20524897725083,176.9303918524227
757,35,Tyler,Bishop,Female,No,17210.06767528388,1.0,40.46390253465567,146.64528656943241
758,71,Rachel,Campbell,Female,Yes,28427.801642486826,3.0,83.10772194047073,148.25760353680224
759,71,John,Oconnor,Male,Yes,38451.6957849471,3.0,86.56790670736164,170.07087961954076
760,49,Elizabeth,Russell,Male,Yes,31183.29342754497,4.0,53.0961553769555,171.30305676349136
761,46,John,Perry,Male,Yes,33958.034019895465,0.0,66.99582326878641,170.8228749289062
762,30,Travis,Jackson,Male,No,40331.767292980076,1.0,,174.9942116795649
763,57,Jennifer,Rivers,Male,No,42286.36906645102,3.0,93.89755770408632,176.22291142455208
764,38,Jeffrey,Grant,Male,Yes,39147.040459403186,6.0,,
765,29,Donna,Mann,Female,Yes,22009.92552352944,1.0,79.95444382791437,161.36958864388137
766,68,Sally,Petersen,Male,Yes,63097.1219513022,1.0,65.04064231871823,170.93476343460853
767,39,Sean,Vasquez,Female,No,13556.442069537497,3.0,50.62232590236857,154.60997473403765
768,25,Linda,Rodriguez,Male,No,18639.59291347242,1.0,90.90816004310113,168.95401064485478
769,41,Michael,Carrillo,Male,No,25491.08546675666,0.0,73.78830436967331,180.88762191564123
770,49,David,Rodriguez,Male,No,36823.16007553191,3.0,57.57213724224023,161.13688683405314
771,18,Hailey,Thompson,Female,Yes,25448.3570208561,0.0,50.815557603907784,169.84406246554087
772,44,Brian,Morris,Female,No,34607.472062369336,3.0,59.328889631825334,157.66107925985196
773,80,Andrea,Davis,Male,Yes,49777.76580956633,1.0,85.66591090966007,170.9325905685454
774,65,Patricia,Hoffman,Male,Yes,28534.23174993374,1.0,79.06317998032522,182.24690255683527
775,59,Stephanie,Collier,Male,Yes,28200.45439678266,2.0,84.4516696980194,185.11579374777705
776,76,Jeremy,Harper,Female,No,39197.85162009765,2.0,35.874119963889406,160.17920975202506
777,70,Michael,Johnson,Female,Yes,52857.90206046113,3.0,76.93768016273246,158.08934639877447
778,78,Tyler,Bates,Male,Yes,47664.76062872175,2.0,93.17676080857625,160.2045248352541
779,58,Christie,Watkins,Male,No,37403.16192125035,2.0,70.2808379361257,187.7900669403002
780,25,Julie,Schroeder,Female,Yes,44455.455639729946,0.0,10.558012931585623,164.19143758506598
781,68,Carly,Wu,Female,Yes,37997.71868456005,2.0,83.89847232926309,175.81836165387386
782,73,Amanda,Harvey,Male,No,49819.299219274595,2.0,94.9525479812662,163.20705144022168
783,34,Joanne,Burton,Male,No,47946.533601336494,2.0,60.71252574490471,168.84647550683675
784,66,Eric,Long,Female,Yes,48093.40798976013,4.0,77.43648925009958,176.4436734164763
785,60,Joseph,Guzman,Female,Yes,51153.446190759394,4.0,70.95599932929734,141.62485065214437
786,64,Joseph,Dougherty,Female,Yes,42089.37486720517,3.0,51.63303505984783,170.78891617493292
787,53,Dawn,Rhodes,Male,No,32551.6016617084,2.0,73.1863379099286,160.9607745060236
788,28,Barry,Chambers,Female,No,22588.15145834338,0.0,89.15695365027454,
789,29,Laurie,James,Male,No,-23978.087532727855,0.0,70.48790444468177,163.85793458470513
790,71,Noah,Garcia,Male,Yes,36351.52032363472,3.0,80.3599682870533,172.5042085416838
791,54,Margaret,Kim,Female,No,51743.093948065754,9.0,62.201157100528775,141.62435954791636
792,64,Charles,Perkins,Female,Yes,36301.72091469219,2.0,89.85785183104468,170.44948375848546
793,80,John,Phillips,Male,Yes,38090.82735088006,7.0,71.84199789822325,165.4314806031075
794,67,Russell,Juarez,Female,No,46760.86959332861,7.0,74.88522460970488,160.19202121542946
795,71,Taylor,Fleming,Female,Yes,42000.43706050476,,43.05915780328593,167.31125219478173
796,18,Richard,Fisher,Male,Yes,-22946.308218945094,0.0,76.80443156489085,178.5232169725638
797,72,Christopher,Cooke,Male,Yes,40628.743460722595,3.0,71.19555826186023,163.70958769087133
798,69,Vicki,Adams,Male,No,41896.83091740451,2.0,62.226077144502725,174.9667923027819
799,54,Kayla,Clark,Male,No,38932.691621768055,10.0,70.46020398538256,177.43153635087472
800,36,William,Vasquez,Female,No,40276.064870071685,1.0,57.73769462649921,154.94691886844
801,31,Thomas,Fowler,Female,Yes,38814.382229684255,1.0,64.38210966556953,165.37575869986398
802,65,Laura,Ross,Male,Yes,29358.074864679933,0.0,,164.42239949562875
803,72,Jason,Parsons,Female,Yes,32288.224243080113,3.0,60.90519366231506,144.15320550440998
804,23,Nicole,Mcbride,Male,Yes,46254.67243016422,1.0,60.73886215041115,163.93920508831883
805,79,Michael,Ortiz,Male,Yes,54585.46773414691,7.0,79.21424257006835,168.0608085807812
806,61,Mark,Phillips,Male,No,44004.18443305012,2.0,110.58114305500396,160.27007539688015
807,51,Stephen,Alexander,Male,Yes,37648.00881584346,2.0,66.19907732127325,180.5849719072889
808,67,Vincent,Martinez,Male,Yes,,4.0,55.5576912048937,185.69630621597145
809,26,Stephanie,Kirby,Male,No,41804.12863592058,3.0,71.71141092522954,182.75676149326134
810,20,Alexis,Anderson,Female,No,10993.21142772791,10.0,59.51924097480855,162.72639256286212
811,67,Susan,Freeman,Male,Yes,45056.66494889419,7.0,94.92638222595806,169.37535125970263
812,56,Ann,Smith,Male,No,43229.81405803791,2.0,74.13854034325902,
813,41,Kathryn,Romero,Male,No,26775.313785389466,1.0,,
814,52,Jon,Nicholson,Female,Yes,30103.621560013893,1.0,61.32597616299732,149.67424344561928
815,64,Justin,Andrade,Male,No,36469.85991857098,4.0,92.09532839065761,194.78448661749502
816,67,Sheila,Herrera,Male,No,44511.7339925066,2.0,86.81690934939355,176.59621919506998
817,61,Sierra,Smith,Male,Yes,39406.52146003014,1.0,79.53388288257081,178.58222509814024
818,38,Jeremiah,Soto,Male,No,34946.010228720086,3.0,69.3046337037864,181.4511692641505
819,21,Michelle,Jenkins,Male,Yes,35638.09725464894,1.0,75.43535152625086,176.1455529204274
820,54,Deanna,Bailey,Male,No,21037.41978789495,5.0,83.18961928829047,185.80813800982432
821,73,Thomas,Reed,Male,Yes,51037.51773615266,2.0,111.46272702438564,162.58942010130295
822,34,Ruben,Becker,Female,No,48287.40044027209,2.0,70.86298519600004,160.2986373721651
823,75,Sharon,Knight,Male,Yes,31434.51247920916,0.0,98.86310982921775,183.05093024988957
824,25,Desiree,Garza,Male,Yes,43292.69819633244,1.0,78.41064400158231,181.13850858986615
825,64,Shannon,Stewart,Male,Yes,43436.24090368744,4.0,94.39235749235426,183.64407020640817
826,60,Andrew,Jackson,Male,Yes,29141.84519651583,1.0,73.93588946159711,178.8298338224179
827,23,Daniel,Hall,Female,No,27632.879219835908,1.0,69.98168375031196,168.16908033165967
828,46,Teresa,Hogan,Female,Yes,33129.96401185464,3.0,46.59078417994801,153.22192715684673
829,29,Sarah,Duffy,Female,No,38306.545146707,2.0,62.62214180190998,163.21149285321547
830,64,Alexander,Schmidt,Male,No,59042.5818532951,0.0,76.12478336500277,181.01433677470644
831,33,Keith,Carr,Female,No,50578.075334927446,0.0,63.263198039071696,162.83984563431002
832,30,Daniel,Baldwin,Male,No,20774.521309943084,0.0,82.70250293265944,183.76288483791674
833,48,Amber,Woods,Female,Yes,43310.29499799082,0.0,81.7178985494046,164.46908008343541
834,26,Carol,Soto,Male,Yes,52754.35120961533,1.0,77.89794786860003,175.95634437456656
835,39,Tammy,Miller,Male,No,29414.166711600377,0.0,94.02761548902737,193.5889896651897
836,30,Kelly,Jackson,Male,No,42512.566112652254,3.0,76.21344878794248,161.50553123128643
837,44,James,Robinson,Female,No,41836.356988036874,1.0,68.94397304382905,165.7965731927765
838,51,Fred,King,Female,No,32655.581447447083,0.0,43.09538740657504,147.11128189833775
839,73,Keith,Lee,Male,Yes,66285.45101064953,4.0,,177.01454160965048
840,80,Michael,Good,Male,No,28424.03126602002,1.0,,179.96972438071379
841,31,Evelyn,Zavala,Female,No,45126.804778939324,1.0,95.35734487347315,164.1107499554617
842,78,Nancy,Montoya,Female,Yes,42475.345707417924,1.0,84.16122563270548,172.9440427454248
843,59,Gregory,Jensen,Female,No,43345.3393753328,1.0,84.08006258802324,134.01715339771232
844,43,Michele,Taylor,Male,No,27942.91940845426,2.0,,
845,59,Emily,Riley,Female,No,38343.48446314675,2.0,57.25860611844674,156.57808672397658
846,78,Michelle,Thornton,Male,No,61811.107928821824,4.0,98.83148386133777,192.7627882000486
847,23,Amy,Barnett,Male,No,38229.634750824276,1.0,61.394764998419504,190.34346857317342
848,24,Gerald,Hernandez,Male,Yes,11189.036680592988,2.0,65.31318789685767,185.2466875595053
849,73,Michelle,Luna,Male,No,24168.943246484738,,83.87530636577252,191.93001420825453
850,77,Paul,Taylor,Female,Yes,56515.96301669674,1.0,64.89134393169488,146.66734412037513
851,29,Katrina,West,Female,No,28591.648697693614,3.0,52.98733677445656,169.83491909180796
852,39,Jonathan,Arias,Female,No,35634.776535353834,3.0,101.99320672610249,178.65466850843993
853,42,Paul,Mcclure,Female,No,31985.031540443902,2.0,90.964881158142,168.86027518733184
854,57,Gregory,Hall,Male,No,28770.646051644086,9.0,77.90699231217903,165.83033378444333
855,79,Christopher,Bond,Male,No,,3.0,93.31944057780966,166.37223660142047
856,61,Eric,Larson,Male,No,53309.884277222445,1.0,98.70234670430281,165.17647593250587
857,79,Justin,Kemp,Male,No,37404.15855451742,1.0,106.1536418699262,160.59364958013632
858,80,Angelica,Good,Male,No,52209.58708969477,5.0,50.02043843723435,172.80939657675913
859,67,Ann,Norman,Female,No,39181.15049784597,1.0,54.233373495553295,165.4365831353499
860,67,Donald,Spencer,Male,No,37563.10605990581,2.0,103.691058287594,170.57648205589166
861,18,James,Rogers,Male,No,24242.204565599714,0.0,76.19368975425046,162.57148762527927
862,29,Charles,Hart,Male,Yes,48192.33951928078,1.0,78.08281232976096,175.7931187531147
863,63,Jonathan,Thompson,Female,No,50509.276306193446,3.0,61.00470788751317,170.7640518735624
864,28,Jeffery,Russell,Female,No,,0.0,28.19989236034845,165.5738251215966
865,30,Monica,Newman,Female,Yes,28109.25324073531,0.0,81.39644082944096,148.8894854961865
866,58,Justin,Fowler,Male,Yes,46010.35393409425,3.0,97.33056058136552,184.98923610310078
867,18,Brian,Flores,Female,No,21810.629217077516,0.0,64.40866599525614,157.26469938384975
868,65,Amy,Lang,Male,Yes,52362.59702386964,3.0,79.73349678795624,169.97492372630828
869,62,Kimberly,Mcguire,Female,No,44367.87216243408,2.0,66.46260632776126,151.5385265306336
870,76,Barbara,Singh,Male,No,42626.94134937953,1.0,68.93945061573054,177.37517692839342
871,71,Traci,Smith,Male,No,51060.71489311126,5.0,84.43350474896607,190.12642921675175
872,31,Katelyn,Medina,Female,Yes,25327.00955563331,8.0,54.608343983340546,165.85382021332876
873,47,Amanda,Woods,Male,Yes,21650.085440451174,1.0,73.02025501652192,172.56284074893273
874,33,Michael,Woodward,Male,Yes,34811.84508451987,0.0,86.85414685905373,153.8293645881923
875,28,Christine,Cooper,Female,No,33576.39943206255,0.0,61.874151436198275,140.0150787195475
876,35,Michael,Martin,Female,Yes,34332.19282271798,3.0,88.97405910825829,163.07278759697658
877,62,Nicholas,Clark,Male,No,44374.70054176212,2.0,67.78473146580532,189.78994940588333
878,33,Frederick,Holder,Male,Yes,41748.03414852523,0.0,65.0741463685458,176.38081085209848
879,19,Anthony,Taylor,Female,Yes,26933.101682663364,0.0,78.89281172788728,154.86944376232557
880,45,Jonathan,Barry,Female,No,-39849.08770946053,1.0,92.34608542706741,178.6208827580026
881,76,Tina,Fox,Male,Yes,47993.77517317658,10.0,65.82777472918822,184.77926457614555
882,39,Tamara,Young,Male,No,31665.686836669538,1.0,,
883,37,Amanda,Ware,Male,No,38736.97542741418,2.0,69.71901386555116,166.8505365364583
884,57,Michael,Graham,Male,No,,7.0,94.27846209680152,185.77386691429234
885,64,Adam,Jenkins,Male,Yes,56279.32103838692,1.0,66.84445346451045,178.36610304113574
886,18,Kara,Baker,Male,Yes,32636.331086820966,0.0,80.79817393818321,182.87132900457243
887,48,Isaac,Jackson,Male,Yes,47250.42113078928,2.0,90.00591893364953,
888,38,Mary,Walters,Female,Yes,22400.78196859497,3.0,59.3046762084005,145.6201860234211
889,55,Pamela,Mitchell,Female,No,40229.13877437197,2.0,61.73268484275382,180.8292552913555
890,48,Lori,Rivas,Male,No,27824.207119943836,0.0,133.55115324654483,162.65144732644262
891,66,Amber,Smith,Male,Yes,55586.00277165941,3.0,53.72642672235419,183.09701003598659
892,66,Kimberly,Pena,Female,No,24791.8865007471,,97.54991451416836,159.3907750741807
893,21,Katherine,Potter,Male,Yes,34885.5054105625,0.0,82.29453466867521,177.87889371317783
894,77,Evan,Powell,Male,No,52703.36100485709,6.0,75.53813382515898,174.10296485611048
895,61,Brenda,Washington,Female,No,22017.377408208275,6.0,100.78385845368257,160.5475223631719
896,61,Douglas,Mora,Male,Yes,35046.600620232835,0.0,77.21021023494093,177.05025778056927
897,65,Michael,Nguyen,Male,No,49534.904739326936,1.0,78.75112790605641,185.71677092395134
898,76,David,Sullivan,Female,Yes,15324.080319469384,4.0,46.77574554518303,176.7167766703139
899,24,Keith,Henderson,Female,Yes,25806.170187624793,10.0,70.52217749428794,152.80621224298264
900,33,Kevin,Thompson,Male,Yes,39237.03850128524,1.0,95.41284580698806,175.65784325660584
901,52,Katherine,Riley,Male,Yes,24370.52978152131,1.0,98.47887624653465,168.28572360344302
902,49,Cameron,Jackson,Female,Yes,34342.10380487186,0.0,79.0139132413033,148.19818543851244
903,27,Bernard,West,Male,Yes,28547.460618736473,9.0,81.52696245651202,180.08567670531025
904,45,Heidi,Wilson,Female,No,46793.73002772817,1.0,59.45542052777333,166.0204223210258
905,18,Kevin,Anthony,Male,No,24970.893415024875,8.0,75.18493112858877,167.2685121378101
906,36,Paige,Stevens,Male,No,40339.76453756813,1.0,68.13993613442233,168.3360322788094
907,29,Sylvia,Rivera,Female,Yes,31567.083643082402,1.0,65.98368181237454,159.56341294520297
908,57,Robert,Carroll,Male,Yes,44735.68604719558,2.0,66.21150814555484,160.85634443424513
909,35,Anna,Robertson,Female,Yes,52871.10427550218,1.0,75.63797434672287,154.6403566255699
910,74,Benjamin,Rodriguez,Male,No,-26853.148478674888,4.0,83.32699426045887,179.9398816852351
911,58,Sandra,Allen,Female,No,36495.96328232583,5.0,71.37520341799586,162.63253259757624
912,36,Denise,Sweeney,Female,Yes,21271.74946710754,0.0,86.04166935012911,169.88130537781987
913,22,Kendra,Chapman,Male,No,36368.19795260171,4.0,45.5330551662854,157.83394929427553
914,68,Victoria,Bradford,Female,No,48180.95942607049,3.0,66.0536882905522,151.00869869706713
915,43,Christine,Hardy,Female,No,-31703.202367856335,1.0,121.26950181227237,156.6162049366867
916,62,Deborah,Taylor,Female,No,32157.733650211714,2.0,90.83230851234592,152.16622282051873
917,79,Maria,Bryant,Male,No,,1.0,55.349336560690716,176.86980544900118
918,51,Jesse,Sullivan,Male,No,52567.090976902815,3.0,95.33737598767603,178.02116074315288
919,41,Adam,Haney,Male,Yes,35192.23984933121,0.0,50.13329072278691,180.04555346567173
920,59,Taylor,Le,Male,No,39015.53655743794,2.0,107.1425681285495,181.59080044371944
921,19,Rodney,Lawrence,Female,Yes,24715.532001981905,0.0,98.90188454097941,153.98101736792415
922,52,Melanie,Figueroa,Female,No,32621.270729214364,2.0,48.18025628287563,165.1381081394005
923,77,Tina,York,Male,No,28673.619640012912,1.0,81.01049706707829,183.7867982788107
924,24,Todd,Jackson,Male,No,37656.318258849125,7.0,93.10693227848368,178.60969084569325
925,55,Kristin,Taylor,Male,No,26901.114328553325,2.0,80.36251029117034,180.64681445326923
926,18,David,Elliott,Male,Yes,43891.504626799215,0.0,75.18006111307501,169.03645101560872
927,63,Norman,Gutierrez,Male,No,52293.48043955004,2.0,56.9489271488966,166.26562687370716
928,61,Justin,Miller,Male,No,43575.75695086259,5.0,82.8186860140609,173.16703761656544
929,36,Nicole,Brown,Female,Yes,15643.007877363518,1.0,74.46179576502624,167.62851288609963
930,55,Sharon,Sanchez,Male,Yes,30135.129114964988,1.0,119.39824633780569,
931,22,Daniel,Cox,Female,No,35919.76823923063,9.0,36.569576335836416,158.23173772581475
932,60,Ashley,Lewis,Male,No,42771.39266463622,8.0,98.44497345883624,180.25840821947884
933,32,Matthew,Rodriguez,Male,No,34301.02031205879,0.0,87.70831065785065,186.29918367403846
934,34,Justin,Moon,Female,Yes,27447.331860120008,3.0,77.73030980095338,152.33347726697474
935,78,Leonard,Guerrero,Male,Yes,60105.11990598455,1.0,89.96817742430613,
936,29,Katherine,Obrien,Female,No,34969.270536689495,0.0,90.1204007572572,159.13715499220686
937,45,Patrick,Jennings,Male,No,32419.931269260964,3.0,73.463869396178,174.5523967030725
938,63,Andrew,Alexander,Male,Yes,52887.63617018868,5.0,70.12450176420276,175.75745347691353
939,24,Paul,Johns,Male,No,36716.06406591623,,49.85405075647084,183.99440979855385
940,41,Valerie,Mckay,Female,Yes,39465.42694764993,3.0,57.59766069447801,174.4438924446932
941,79,Eric,Obrien,Male,Yes,49726.05352712062,2.0,77.81502996970147,170.72741480515566
942,38,Christopher,Taylor,Male,Yes,11838.937415844804,3.0,89.04988305559766,164.150420355871
943,63,Christopher,Ryan,Female,No,45647.91358707971,2.0,53.82879400323108,153.23214054258935
944,30,Heather,Payne,Female,Yes,45394.09322136472,0.0,82.61092967101308,158.87093589355953
945,33,Donna,Foster,Female,No,20629.526082042677,0.0,44.564097675340946,158.2991737982215
946,76,Nicholas,Evans,Female,Yes,47524.379267187964,2.0,70.41463288757694,152.05913921419392
947,62,Jennifer,Jones,Female,Yes,47275.50383611225,5.0,59.71033040291883,162.29082302022283
948,67,Kevin,Mitchell,Male,No,48290.685558674464,1.0,82.23036843213232,168.29673792732677
949,70,Rodney,Robinson,Female,Yes,37750.624536465315,2.0,69.35448712316678,149.54852348508714
950,51,Ronald,Owen,Male,No,38099.17382821589,1.0,94.54652283784678,173.04119188237036
951,74,Juan,Russell,Male,No,30721.617737044846,4.0,32.45063920241631,177.6187940938579
952,68,Christina,Lawson,Male,Yes,44776.71813975096,3.0,72.42513475195638,165.3752057646272
953,45,Kathryn,Parrish,Male,Yes,34254.641841297314,2.0,100.78721117004962,168.44082897158637
954,66,Lisa,Evans,Male,No,33673.229701619544,3.0,92.67504486126272,182.96820510906753
955,64,Darren,Thompson,Female,No,39899.04900917511,3.0,63.102766741168104,163.95089928759552
956,25,Deborah,Hansen,Female,No,13071.529562399362,1.0,,
957,30,Michael,Jones,Male,No,26860.338256096657,1.0,43.466029755073684,157.05315691977071
958,55,Jordan,Miller,Female,No,49515.512109100186,1.0,56.30895112576965,145.8495369135056
959,32,Anthony,Contreras,Male,No,36746.42814526283,0.0,75.66497921526279,178.70627269225474
960,57,Jennifer,Butler,Male,No,37103.558870189874,2.0,68.02607345348905,182.67109921870372
961,45,Richard,Garza,Male,Yes,28561.607492442952,3.0,62.426552343500376,179.3467493468208
962,26,Ralph,Smith,Female,Yes,45312.49900025091,2.0,100.16122999193848,156.43417031019797
963,55,Mary,Jackson,Male,No,18345.102862338008,1.0,89.90154083990903,167.0377311712274
964,43,Felicia,Johnson,Male,Yes,38194.50179865895,2.0,96.07622298353556,185.7316387293694
965,34,Susan,Reeves,Female,No,45573.8708313197,2.0,,
966,25,Veronica,Ray,Male,No,34108.91835105534,9.0,74.7141863994615,178.70008322518657
967,36,William,Oconnor,Male,No,43823.98880952479,1.0,60.91392716846176,185.74851292342709
968,79,Sally,Smith,Female,Yes,38459.31681893876,7.0,52.23439482070498,159.07385847627526
969,26,Robert,Thompson,Male,No,,0.0,80.35020618190637,174.56583003771928
970,71,Kimberly,Lee,Male,No,-45078.136438110356,0.0,95.82753963751446,190.9045319169237
971,56,Sara,Garcia,Female,No,37768.2827568922,1.0,66.71265171799577,182.11927452872936
972,20,Robert,Nielsen,Male,No,20503.41442377706,0.0,111.3984454731161,184.81330706264933
973,55,Gina,Morales,Male,Yes,22608.9988808298,0.0,57.75014561793414,159.76765573944806
974,69,Sarah,Wright,Female,Yes,33564.526147105425,3.0,78.74941904552334,155.51304505130184
975,40,Donald,Morris,Male,No,45742.355835459406,2.0,95.95464687340508,188.4156213180522
976,53,Travis,Miller,Male,Yes,9989.569060901842,3.0,87.13346344193701,175.35328606288184
977,75,April,Dickson,Female,Yes,48111.08863901927,,57.21451883795236,150.1005426283539
978,50,Austin,Wade,Male,No,37636.08098538231,8.0,79.04835697907488,175.4567595219973
979,71,Grant,Blake,Male,Yes,49514.302240252124,3.0,72.10624222234895,171.27720189150298
980,68,Donald,Dean,Male,Yes,57780.77572420103,5.0,69.40349747658017,167.02865182161554
981,42,Marcia,Mills,Male,No,50672.944128485105,8.0,70.59282663131796,169.27069836335733
982,39,Vanessa,Hopkins,Male,No,19137.692659983906,2.0,93.7129630532702,167.09382047201106
983,55,William,Keller,Male,No,34779.49181347121,2.0,99.28336357210677,197.3137109812891
984,40,Yolanda,Carlson,Male,Yes,31188.380158404347,0.0,75.833269184296,175.22726626143535
985,65,Kevin,Pena,Male,No,42267.36495936682,3.0,98.24385960072077,163.43101342946412
986,18,Charles,Thompson,Male,No,890.9263847656257,0.0,66.46835859121451,157.96665367750884
987,26,Alison,Clay,Female,No,24187.381262602856,1.0,69.70242499720455,163.14909152242805
988,73,Edward,Romero,Female,No,,2.0,44.38532595559279,156.44955337541919
989,78,Elizabeth,Downs,Female,No,45871.97036252473,0.0,77.60588107596911,148.72602332180574
990,59,Steven,Barker,Female,Yes,40925.212862964945,8.0,51.22961674779086,152.148639003419
991,23,Rhonda,Levine,Male,No,18354.65772374486,0.0,99.91978312586356,168.90768561877735
992,59,Richard,Brooks,Female,Yes,27798.25835078874,3.0,83.25839726130687,152.02827371748427
993,34,William,Mccoy,Male,No,33642.84089660009,3.0,60.58329675322395,187.407678783182
994,41,James,Bond,Female,No,46393.908766884706,1.0,52.39338565629065,144.01523459728918
995,36,Andrew,Mathews,Male,Yes,45371.419237396876,2.0,99.02705297440849,173.22146179840712
996,72,Juan,Leonard,Female,Yes,47172.106311623254,,45.61959657001894,151.8523087458819
997,39,Jamie,Carrillo,Female,No,44701.449847310505,2.0,68.14315779082759,162.3312711470701
998,49,Anna,Kim,Male,Yes,38041.030817165934,3.0,87.35614064044394,167.14340899309192
999,38,Rachel,Freeman,Male,No,37437.04990296664,0.0,97.92383425454813,193.90448663227835
1000,20,Juan,Lee,Female,Yes,30461.047698411647,0.0,83.46460061832053,153.8600454792977
